Date,Open,High,Low,Close,Volume,Currency,H-L,O-C,SMA_7,SMA_14,SMA_21,SD_7,SD_21
2020-02-06,37906.0,38700.2,37400.6,38700.2,2259559,VND,1299.5999999999985,-794.1999999999971,38380.485714285714,39798.735714285714,40395.25714285715,1351.3330337467396,1690.9110469127038
2020-02-07,38267.0,38628.0,38122.6,38483.6,1611679,VND,505.40000000000146,-216.59999999999854,38050.41428571429,39602.75714285714,40213.03333333333,854.31009285963,1680.376913175529
2020-02-10,37833.8,38267.0,37617.2,37978.2,976125,VND,649.8000000000029,-144.39999999999418,37833.799999999996,39375.83571428571,40041.12380952381,573.0697339765214,1716.9135455534001
2020-02-11,38194.8,38772.4,38050.4,38700.2,1435416,VND,722.0,-505.3999999999942,37998.82857142857,39200.485714285714,39924.22380952381,638.6256120614622,1720.8427929083896
2020-02-12,38844.6,39494.5,38772.4,39061.3,1461191,VND,722.0999999999985,-216.70000000000437,38267.014285714286,38999.357142857145,39786.7,633.5733223249216,1665.4208705309247
2020-02-13,39061.3,39350.1,38772.4,39205.7,1362930,VND,577.6999999999971,-144.39999999999418,38524.88571428571,38829.17142857143,39700.74761904762,587.8583118080805,1645.5511914307106
2020-02-14,39061.3,39350.1,38989.1,39350.1,1169408,VND,361.0,-288.79999999999563,38782.75714285714,38679.614285714284,39594.166666666664,470.5994859648983,1588.6838065937839
2020-02-17,39422.3,39422.3,38989.1,39133.5,960651,VND,433.20000000000437,288.8000000000029,38844.65714285714,38612.57142857143,39480.70952380953,486.16987037155593,1528.5023355902154
2020-02-18,39277.9,40433.1,39205.7,40433.1,2328844,VND,1227.4000000000015,-1155.199999999997,39123.15714285714,38586.78571428572,39442.89047619047,738.0175649606442,1492.5284124279653
2020-02-19,40360.9,40577.5,40072.1,40216.5,900954,VND,505.40000000000146,144.40000000000146,39442.91428571428,38638.357142857145,39398.195238095235,637.2831511674208,1452.1997198994948
2020-02-20,40505.3,40721.9,40072.1,40288.7,1032622,VND,649.8000000000029,216.60000000000582,39669.84285714286,38834.33571428571,39356.938095238096,611.0144320639695,1411.5278907893285
2020-02-21,40360.9,40360.9,39494.5,39494.5,1928259,VND,866.4000000000015,866.4000000000015,39731.72857142857,38999.37142857142,39243.48095238096,558.814762732339,1289.2944580734948
2020-02-24,38339.2,38916.9,37906.0,37906.0,2991483,VND,1010.9000000000015,433.1999999999971,39546.05714285715,39035.47142857143,39068.13333333334,884.0159535836726,1201.88602593312
2020-02-25,37617.2,38989.1,37545.0,38989.1,1861711,VND,1444.0999999999985,-1371.9000000000015,39494.48571428571,39138.62142857142,38951.23809523809,907.5690982482873,1071.5788577963651
2020-02-26,38555.8,39855.5,38267.0,39711.1,4260132,VND,1588.5,-1155.2999999999956,39577.0,39210.82857142857,38934.04761904762,895.4552678200304,1055.4733040769054
2020-02-27,39711.1,40794.1,39422.3,40433.1,3871012,VND,1371.7999999999956,-722.0,39577.0,39350.07857142857,38916.857142857145,895.4552678200304,1026.1977229420263
2020-02-28,39711.1,40216.5,39422.3,39783.3,2819836,VND,794.1999999999971,-72.20000000000437,39515.114285714284,39479.014285714286,38930.60952380953,858.0822968079525,1036.2122272511233
2020-03-02,39783.3,40577.5,39566.7,40216.5,2363388,VND,1010.8000000000029,-433.1999999999971,39504.799999999996,39587.32142857143,39057.82380952381,847.6038520440865,1021.4808661471518
2020-03-03,40577.5,41155.1,40216.5,40360.9,1578801,VND,938.5999999999985,216.59999999999854,39628.57142857143,39680.15,39209.10476190476,907.0243743771543,963.7077002266644
2020-03-04,40072.1,40072.1,39638.9,40072.1,2196396,VND,433.1999999999971,0.0,39938.014285714286,39742.03571428572,39336.31904761905,499.2227940461489,886.2524745347826
2020-03-05,40072.1,40360.9,39422.3,39422.3,1714556,VND,938.5999999999985,649.7999999999956,39999.9,39747.19285714285,39425.71428571428,372.8391967949136,785.4812564827329
2020-03-06,39133.5,39205.7,38628.0,38989.1,1725903,VND,577.6999999999971,144.40000000000146,39896.75714285715,39736.87857142858,39439.47142857142,531.9612230765935,774.5935289833216
2020-03-09,36967.4,37545.0,36317.6,36317.6,6262226,VND,1227.4000000000015,649.8000000000029,39308.82857142857,39442.91428571429,39336.328571428574,1402.43708202813,1015.1080312670354
2020-03-10,36823.0,37545.0,36317.6,37328.4,2685126,VND,1227.4000000000015,-505.40000000000146,38958.12857142858,39236.62142857142,39305.385714285716,1561.8909145799985,1067.1467463688828
2020-03-11,37545.0,37906.0,35740.0,36678.6,3641254,VND,2166.0,866.4000000000015,38452.71428571428,38978.75714285714,39209.119047619046,1656.3849204704159,1206.548472138201
2020-03-12,35090.1,35595.6,34151.5,34729.1,5265761,VND,1444.0999999999985,361.0,37648.17142857143,38638.37142857142,39002.82380952381,1921.5780058016805,1553.5474289202589
2020-03-13,32707.5,36101.0,32635.3,34765.2,3860565,VND,3465.7000000000007,-2057.699999999997,36890.04285714286,38414.02857142857,38791.37142857142,1851.465825462866,1806.2050656397926
2020-03-16,34765.2,35884.4,34295.9,34368.1,2511376,VND,1588.5,397.09999999999854,36168.014285714286,38083.95714285714,38554.13333333333,1676.6110137501353,2041.0630454087716
2020-03-17,33934.9,35017.9,33573.9,35017.9,3272726,VND,1444.0,-1083.0,35600.7,37748.72857142857,38358.15238095238,1153.073192241631,2175.7925952670785
2020-03-18,35379.0,35451.2,34909.6,34945.7,2172604,VND,541.5999999999985,433.3000000000029,35404.71428571428,37356.771428571425,38096.84761904762,1127.2143620868496,2242.62132595297
2020-03-19,34368.1,34729.1,34368.1,34440.3,1714741,VND,361.0,-72.20000000000437,34992.12857142857,36975.12857142858,37821.79047619047,781.1970189270725,2322.4516942026535
2020-03-20,34801.3,34837.4,34187.6,34440.3,1707824,VND,649.8000000000029,361.0,34672.37142857142,36562.54285714286,37543.295238095234,260.20158028060354,2362.1570770116477
2020-03-23,33285.1,33862.7,32057.7,32057.7,3738299,VND,1804.9999999999964,1227.3999999999978,34290.74285714286,35969.45714285714,37189.1619047619,1018.1711674320892,2600.4485906235905
2020-03-24,32490.9,32490.9,31407.8,32129.9,2898260,VND,1083.1000000000022,361.0,33914.271428571425,35402.15714285714,36914.10952380952,1269.6490508721201,2817.269968942414
2020-03-25,33212.9,33501.7,32599.2,33212.9,2819294,VND,902.4999999999964,0.0,33749.24285714286,34958.62857142857,36639.05238095238,1275.8900669166824,2885.6956089683267
2020-03-26,32851.9,33104.6,31913.3,31913.3,3118867,VND,1191.2999999999993,938.6000000000022,33305.728571428575,34453.21428571428,36267.72857142857,1300.745526885937,2971.0649028829534
2020-03-27,32057.7,32057.7,30974.6,31119.0,3483136,VND,1083.1000000000022,938.7000000000007,32759.057142857146,34081.885714285716,35824.2,1300.7665404893385,3013.076089646599
2020-03-30,29241.8,29675.0,28953.0,29169.6,2853546,VND,722.0,72.20000000000073,32006.100000000002,33499.114285714284,35318.78571428572,1645.2444286486486,3200.1364282301715
2020-03-31,29963.8,30613.6,28953.0,29675.0,2199385,VND,1660.5999999999985,288.7999999999993,31325.34285714286,32998.857142857145,34816.80952380953,1443.70247033678,3220.175407785236
2020-04-01,29458.4,31191.2,29458.4,30541.4,1921633,VND,1732.7999999999993,-1083.0,31108.72857142857,32699.735714285714,34349.21428571428,1429.1855556156167,3084.973493287384
2020-04-03,31046.8,32238.2,30830.2,32202.1,2740221,VND,1408.0,-1155.2999999999993,31119.04285714286,32516.65714285714,33974.45238095238,1438.0167718736257,2821.794923026672
2020-04-06,33212.9,34295.9,32851.9,34295.9,3595866,VND,1444.0,-1083.0,31273.757142857146,32511.5,33730.3380952381,1729.5462515324218,2534.0026555779787
2020-04-07,34295.9,34440.3,33573.9,34151.5,3258390,VND,866.4000000000015,144.40000000000146,31593.5,32449.614285714284,33499.97619047619,2045.5122357654225,2234.1865521716895
2020-04-08,33285.1,33971.0,33032.4,33826.6,2085147,VND,938.5999999999985,-541.5,31980.3,32369.678571428572,33381.357142857145,2191.613086290418,2141.307896256745
2020-04-09,33934.9,34368.1,33573.9,33826.6,2833286,VND,794.1999999999971,108.30000000000291,32645.58571428571,32325.842857142856,33214.60476190477,1881.0263664893203,1946.0106696717392
2020-04-10,33646.1,33934.9,33140.7,33501.7,2488973,VND,794.2000000000044,144.40000000000146,33192.25714285714,32258.799999999996,33063.323809523805,1356.8447330196932,1779.6306742986942
2020-04-13,33501.7,33934.9,33285.1,33573.9,1660214,VND,649.8000000000029,-72.20000000000437,33625.47142857143,32367.1,33008.31428571428,689.3295213808265,1743.043852943975
2020-04-14,34368.1,35740.0,33934.9,35740.0,5385289,VND,1805.0999999999985,-1371.9000000000015,34130.88571428571,32624.964285714286,33054.73333333334,764.6557818792957,1804.082143455058
2020-04-15,36462.0,36678.6,35992.7,36173.2,2916378,VND,685.9000000000015,288.8000000000029,34399.07142857143,32836.41428571429,33140.69047619047,1091.5236807847248,1909.6987814586946
2020-04-16,35884.4,36678.6,35595.6,36317.6,1994966,VND,1083.0,-433.1999999999971,34708.514285714286,33151.00714285714,33202.58095238096,1297.2868976296159,1992.8294983814117
2020-04-17,36967.4,37039.6,36245.4,36967.4,3480332,VND,794.1999999999971,0.0,35157.2,33568.75,33298.852380952376,1472.7117584011255,2125.6546602444882
2020-04-20,37472.8,37545.0,36606.4,37039.6,2962111,VND,938.5999999999985,433.20000000000437,35616.2,34130.892857142855,33422.62857142858,1489.4879399756708,2266.4588383959067
2020-04-21,36462.0,36750.8,35306.8,35595.6,4942251,VND,1444.0,866.4000000000015,35915.32857142857,34553.79285714286,33477.642857142855,1170.072272289454,2306.071388871449
2020-04-22,35234.6,36967.4,35162.3,36895.2,3234651,VND,1805.0999999999985,-1660.5999999999985,36389.8,35007.63571428571,33708.0,593.915403627781,2396.960694713217
2020-04-23,37617.2,37689.4,36823.0,36823.0,1803111,VND,866.4000000000015,794.1999999999971,36544.514285714286,35337.7,33931.48095238095,534.5215412824174,2460.410721529867
2020-04-24,36750.8,36967.4,36173.2,36823.0,1866551,VND,794.2000000000044,-72.19999999999709,36637.34285714286,35518.20714285714,34103.39047619047,515.3703615105436,2532.748819149826
2020-04-27,37184.0,37184.0,36462.0,36606.4,1877620,VND,722.0,577.5999999999985,36678.6,35693.55714285714,34326.87142857143,496.730403068943,2536.8885819331795
2020-04-28,36606.4,36678.6,36245.4,36606.4,1288526,VND,433.1999999999971,0.0,36627.02857142857,35892.11428571429,34588.176190476195,480.2146524010389,2471.7200609908987
2020-04-29,36678.6,37111.8,36462.0,36678.6,1784358,VND,649.8000000000029,0.0,36575.45714285714,36095.82857142857,34945.747619047615,446.7407557598014,2173.8433834154544
2020-05-04,36245.4,36750.8,35956.6,36462.0,1184339,VND,794.2000000000044,-216.59999999999854,36699.228571428575,36307.27857142857,35268.938095238096,154.37009332764856,1828.0679441629911
2020-05-05,36678.6,36823.0,36389.8,36750.8,896642,VND,433.1999999999971,-72.20000000000437,36678.6,36534.2,35564.623809523815,131.81856217177298,1497.446419043062
2020-05-06,36823.0,38339.2,36823.0,38194.8,4589276,VND,1516.199999999997,-1371.800000000003,36874.57142857143,36709.54285714286,35849.990476190476,593.4973005111299,1391.906231721411
2020-05-07,38267.0,38628.0,37833.8,38628.0,2685629,VND,794.1999999999971,-361.0,37132.42857142857,36884.885714285716,36056.28095238095,886.9286211682112,1468.9541839755213
2020-05-08,38700.2,39783.3,38700.2,38772.4,4741588,VND,1083.1000000000058,-72.20000000000437,37441.857142857145,37060.228571428575,36276.323809523805,1037.8208112146415,1514.7416290922058
2020-05-11,38989.1,39277.9,38483.6,38989.1,2802948,VND,794.3000000000029,0.0,37782.24285714286,37204.635714285716,36522.15714285714,1106.5989183937565,1516.2080561623397
2020-05-12,38989.1,39277.9,38700.2,39277.9,3740283,VND,577.7000000000044,-288.8000000000029,38153.57142857143,37364.514285714286,36781.74285714285,1110.6406090093783,1498.1780296652282
2020-05-13,40081.0,41810.8,39996.6,41642.1,7881883,VND,1814.2000000000044,-1561.0999999999985,38893.58571428571,37796.40714285714,37169.380952380954,1464.9348716222955,1652.2652546184017
2020-05-14,41304.5,41431.1,40924.8,41093.6,2987011,VND,506.29999999999563,210.90000000000146,39513.985714285714,38096.29285714286,37527.461904761905,1318.488034869888,1648.9232842908023
2020-05-15,40756.1,41262.4,40292.0,40502.9,2795524,VND,970.4000000000015,253.1999999999971,39843.71428571428,38359.142857142855,37754.26666666666,1218.4086744992735,1716.9292843135722
2020-05-18,40081.0,40798.3,39996.6,40798.3,2301093,VND,801.7000000000044,-717.3000000000029,40153.75714285714,38643.09285714286,37974.509523809524,1130.4501195793623,1798.6751407369122
2020-05-19,41515.5,41937.4,41009.2,41557.7,3310885,VND,928.2000000000044,-42.19999999999709,40551.65714285714,38996.75714285714,38224.038095238095,1050.5666690840458,1916.9115184265513
2020-05-20,41346.7,41346.7,40967.0,41262.4,1432187,VND,379.6999999999971,84.29999999999563,40876.41428571429,39329.32857142857,38428.561904761904,811.1146783460766,2003.310627305809
2020-05-21,41262.4,41599.9,41220.2,41599.9,2308120,VND,379.70000000000437,-337.5,41208.12857142858,39680.85,38645.719047619044,436.9182254314779,2090.489629397682
2020-05-22,41346.7,41346.7,40882.6,40882.6,1991478,VND,464.09999999999854,464.09999999999854,41099.62857142858,39996.607142857145,38897.48095238095,404.2724152278835,2022.0321809059487
2020-05-25,40924.8,41009.2,40334.2,40882.6,2337951,VND,675.0,42.200000000004366,41069.485714285714,40291.735714285714,39087.357142857145,412.5776752262982,2011.7994322426014
2020-05-26,40924.8,41178.0,40798.3,41178.0,1858032,VND,379.6999999999971,-253.1999999999971,41165.92857142857,40504.82142857143,39294.73809523809,328.3721045514133,1991.0684236048794
2020-05-27,41262.4,41684.3,40502.9,40502.9,2413368,VND,1181.4000000000015,759.5,41123.728571428575,40638.74285714286,39469.97142857143,395.59231419167133,1923.4395517257851
2020-05-28,40671.7,41009.2,40502.9,40502.9,1373537,VND,506.29999999999563,168.79999999999563,40973.04285714286,40762.34999999999,39655.51904761905,403.54952136060206,1818.4651219144357
2020-05-29,40502.9,40587.3,40081.0,40460.7,1548096,VND,506.3000000000029,42.200000000004366,40858.514285714286,40867.46428571428,39839.05714285714,421.12218903202694,1684.9345167013664
2020-06-01,40502.9,40798.3,40502.9,40756.1,1492873,VND,295.40000000000146,-253.1999999999971,40737.97142857143,40973.049999999996,40033.223809523806,265.57649064032785,1530.3733233773394
2020-06-02,40756.1,40924.8,40502.9,40502.9,1675240,VND,421.90000000000146,253.1999999999971,40683.72857142857,40891.67857142857,40225.64761904762,269.8550148644545,1294.8019352855827
2020-06-03,40502.9,41304.5,40418.5,41051.4,2177020,VND,886.0,-548.5,40707.84285714286,40888.66428571429,40430.438095238096,296.78620732274675,1030.9418055721837
2020-06-04,41262.4,41262.4,40840.4,40840.4,1449069,VND,422.0,422.0,40659.614285714284,40912.771428571425,40556.41904761905,226.83841847251716,897.0372342435356
2020-06-05,40840.4,41093.6,40629.5,41093.6,1421630,VND,464.09999999999854,-253.1999999999971,40744.0,40933.86428571429,40673.828571428574,265.4152721049564,786.5683194377337
2020-06-08,41346.7,42190.5,41346.7,41642.1,4730239,VND,843.8000000000029,-295.40000000000146,40906.74285714285,40939.892857142855,40810.48095238095,405.32483622033124,682.0469937029933
2020-06-09,41853.0,41895.2,41262.4,41304.5,1715271,VND,632.7999999999956,548.5,41027.28571428572,40942.9,40920.73809523809,374.8937157317319,546.5848008099321
2020-06-10,41346.7,41346.7,40840.4,41178.0,1503671,VND,506.29999999999563,168.6999999999971,41087.55714285715,40912.76428571429,41011.219047619044,357.5416938722739,398.1483839214843
2020-06-11,41178.0,41178.0,38815.3,38815.3,4919770,VND,2362.699999999997,2362.699999999997,40846.47142857143,40765.09999999999,40876.60952380953,929.2908294576974,600.582142512583
2020-06-12,37971.5,39659.1,37971.5,39659.1,3617268,VND,1687.5999999999985,-1687.5999999999985,40647.57142857143,40677.70714285714,40808.3,1022.449297380637,653.8819755890539
2020-06-15,40502.9,40502.9,38730.9,38815.3,1388625,VND,1772.0,1687.5999999999985,40358.271428571425,40508.94285714285,40727.938095238096,1225.1931612528695,784.0406191495664
2020-06-16,39321.6,39490.4,39068.4,39321.6,1265840,VND,422.0,0.0,40105.12857142858,40424.56428571428,40657.619047619046,1230.9887688551216,841.52806704191
2020-06-17,39406.0,39448.2,39026.3,39110.6,906925,VND,421.8999999999942,295.40000000000146,39743.485714285714,40325.11428571429,40541.090476190475,1064.840137342241,879.242711033199
2020-06-18,39068.4,39406.0,38941.9,39321.6,946427,VND,464.09999999999854,-253.1999999999971,39460.21428571428,40243.75,40448.671428571426,814.7423057394843,901.3561339132864
2020-06-19,39321.6,39659.1,39321.6,39659.1,857291,VND,337.5,-337.5,39243.22857142857,40165.392857142855,40356.25238095238,351.6670570971813,876.572487943409
2020-06-22,39659.1,39659.1,39532.5,39659.1,905257,VND,126.59999999999854,0.0,39363.77142857143,40105.12142857142,40297.990476190476,324.0705772627303,880.4908494158323
2020-06-23,39616.9,40840.4,39448.2,40123.2,1947790,VND,1392.2000000000044,-506.29999999999563,39430.07142857143,40038.82142857143,40261.828571428574,426.00340262420673,870.8215885835115
2020-06-24,40418.5,40460.7,39701.3,39827.9,698050,VND,759.3999999999942,590.5999999999985,39574.72857142857,39966.5,40197.538095238095,347.0632109295717,849.3741851954568
2020-06-25,39363.8,39743.5,39321.6,39490.4,840432,VND,421.90000000000146,-126.59999999999854,39598.84285714286,39851.985714285714,40149.32380952381,332.08532466361123,859.846252480651
2020-06-26,39490.4,39785.7,39406.0,39532.5,693312,VND,379.6999999999971,-42.099999999998545,39659.114285714284,39701.3,40103.114285714284,258.9323426979233,865.9481891464254
2020-06-29,39321.6,39321.6,38688.7,38857.5,1473403,VND,632.9000000000015,464.09999999999854,39592.81428571429,39526.51428571429,40026.77142857143,387.33609190860403,902.7352840911446
2020-06-30,38941.9,39152.8,38309.0,38520.0,1833342,VND,843.8000000000029,421.90000000000146,39430.08571428571,39336.65714285715,39920.29047619048,556.9781666232703,943.3704939762684
2020-07-01,38815.3,39068.4,38646.5,38984.1,996659,VND,421.90000000000146,-168.79999999999563,39333.65714285715,39348.71428571428,39847.96666666667,569.0217478476407,954.6237773770371
2020-07-02,39068.4,39068.4,38773.1,38941.9,620034,VND,295.3000000000029,126.5,39164.9,39297.485714285714,39747.514285714286,460.6982779793038,932.387576218166
2020-07-03,39237.2,39237.2,38899.7,39026.3,609224,VND,337.5,210.89999999999418,39050.385714285716,39312.55714285715,39661.12857142857,356.2077410187171,909.8343360981337
2020-07-06,39237.2,39616.9,39068.4,39490.4,1253397,VND,548.5,-253.20000000000437,39050.385714285716,39324.614285714284,39584.78571428572,356.2077410187171,848.8448434702258
2020-07-07,39659.1,40418.5,39659.1,40038.8,3150023,VND,759.4000000000015,-379.70000000000437,39122.71428571428,39390.91428571429,39508.438095238096,494.84212778251833,716.3075502020564
2020-07-08,39912.3,40418.5,39912.3,40249.8,1693502,VND,506.1999999999971,-337.5,39321.614285714284,39457.21428571428,39458.21428571428,631.4358648575056,613.7075111859051
2020-07-09,40418.5,40840.4,40334.2,40798.3,2643736,VND,506.20000000000437,-379.8000000000029,39647.08571428571,39538.58571428571,39440.13333333334,729.0131672988063,564.0939490312037
2020-07-10,40587.3,40713.9,40081.0,40334.2,1338957,VND,632.9000000000015,253.10000000000582,39839.95714285714,39586.80714285715,39512.461904761905,702.48860692324,577.1966003680817
2020-07-13,40502.9,41304.5,40292.0,41051.4,3061864,VND,1012.5,-548.5,40141.31428571429,39653.107142857145,39578.76190476191,705.4922310664163,667.7438337240312
2020-07-14,40756.1,41220.2,40756.1,40967.0,1781971,VND,464.09999999999854,-210.90000000000146,40418.55714285715,39734.47142857143,39681.223809523806,560.7689002821579,708.5725156291566
2020-07-15,41093.6,41304.5,40840.4,41009.2,1744021,VND,464.09999999999854,84.40000000000146,40635.52857142857,39842.95714285714,39761.58571428571,417.25644678161564,759.6075607088027
2020-07-16,40967.0,41135.8,40840.4,41009.2,1219610,VND,295.40000000000146,-42.19999999999709,40774.15714285714,39948.43571428571,39851.99523809524,340.00927368287,790.6067419877257
2020-07-17,40924.8,40924.8,40587.3,40587.3,1510065,VND,337.5,337.5,40822.37142857142,40071.99285714286,39912.26666666667,269.97860849982084,796.37456158116
2020-07-20,40587.3,40671.7,39954.4,39996.6,2357133,VND,717.2999999999956,590.7000000000044,40707.84285714285,40177.46428571428,39928.3380952381,413.6891258626637,794.4131006450239
2020-07-21,40081.0,40460.7,39870.1,40334.2,1081265,VND,590.5999999999985,-253.1999999999971,40707.84285714286,40273.9,39960.485714285714,413.6891258626637,796.6296305598747
2020-07-22,40502.9,40502.9,39912.3,39996.6,940574,VND,590.5999999999985,506.3000000000029,40557.15714285714,40349.23571428571,39954.45714285714,457.47928134179176,795.8153193874049
2020-07-23,39996.6,40292.0,39743.5,40292.0,1056425,VND,548.5,-295.40000000000146,40460.72857142857,40439.642857142855,39976.55714285714,426.80432954005556,798.5644091566289
2020-07-24,39996.6,40123.2,38309.0,38730.9,3646122,VND,1814.199999999997,1265.699999999997,40135.25714285714,40385.392857142855,39940.39047619047,712.1488651892222,837.9124858271363
2020-07-27,37971.5,38730.9,36790.2,36874.5,3765503,VND,1940.7000000000044,1097.0,39544.58571428571,40159.37142857142,39813.81904761904,1320.9496526218072,1070.9535375632797
2020-07-28,37465.2,38646.5,37254.3,38562.2,2246537,VND,1392.199999999997,-1097.0,39255.28571428572,40038.82857142857,39799.75714285714,1275.5008877933599,1085.9714828538017
2020-07-29,37465.2,37887.1,36958.9,37591.8,1787330,VND,928.1999999999971,-126.60000000000582,38911.74285714286,39809.79285714286,39755.55714285714,1363.3843354645794,1157.2154335177552
2020-07-30,37634.0,38098.1,37634.0,38098.1,704076,VND,464.09999999999854,-464.09999999999854,38592.299999999996,39650.07142857143,39713.36666666666,1229.9881625445398,1202.0313741053485
2020-07-31,37127.7,38140.3,37127.7,37549.6,1272188,VND,1012.6000000000058,-421.90000000000146,38242.72857142857,39399.94285714285,39647.066666666666,1105.8171031929078,1282.419673248034
2020-08-03,37549.6,38730.9,37549.6,38730.9,1601030,VND,1181.300000000003,-1181.300000000003,38019.71428571428,39240.22142857143,39633.0,710.3566180177089,1291.159540490741
2020-08-04,39237.2,39490.4,38984.1,39279.4,1209007,VND,506.3000000000029,-42.200000000004366,38098.07142857143,39116.66428571429,39622.95238095238,823.1730512963907,1293.1441785892666
2020-08-05,39237.2,39785.7,39026.3,39659.1,1527798,VND,759.3999999999942,-421.90000000000146,38495.87142857142,39020.22857142857,39604.87142857142,805.9830968330781,1289.6889044041275
2020-08-06,39659.1,39870.1,39406.0,39490.4,1326709,VND,464.09999999999854,168.6999999999971,38628.47142857143,38941.87857142858,39568.70952380953,890.6234515105971,1281.3207814224445
2020-08-07,39490.4,40334.2,39490.4,39743.5,1476244,VND,843.7999999999956,-253.09999999999854,38935.857142857145,38923.8,39518.48095238095,843.2536211149818,1251.0263141194553
2020-08-10,39954.4,40334.2,39743.5,39827.9,1334426,VND,590.6999999999971,126.5,39182.97142857143,38887.635714285716,39494.37142857143,809.6197826021125,1239.3440342145193
2020-08-11,40038.8,40038.8,39659.1,39659.1,1391144,VND,379.70000000000437,379.70000000000437,39484.32857142857,38863.52857142857,39428.07142857143,377.7098653473529,1188.0648286786036
2020-08-12,39743.5,40081.0,39574.7,40081.0,1418215,VND,506.3000000000029,-337.5,39677.200000000004,38848.45714285714,39385.880952380954,252.96736284834523,1145.656897862231
2020-08-13,40249.8,40460.7,40081.0,40460.7,1965465,VND,379.6999999999971,-210.89999999999418,39845.95714285714,38972.014285714286,39359.76190476191,326.65718960954075,1112.5722338241478
2020-08-14,40587.3,40671.7,40038.8,40334.2,1878836,VND,632.8999999999942,253.10000000000582,39942.4,39219.135714285716,39327.619047619046,360.2282702210748,1071.529902811542
2020-08-17,40420.4,40506.6,40075.6,40506.6,1206143,VND,431.0,-86.19999999999709,40087.57142857143,39358.02142857143,39323.77619047619,352.3920341240685,1066.9211901096658
2020-08-18,40506.6,40635.8,40334.2,40377.3,718980,VND,301.6000000000058,129.29999999999563,40178.114285714284,39556.985714285714,39341.90476190476,329.962702076653,1082.052113105674
2020-08-19,40420.4,40549.6,40204.9,40377.3,1008769,VND,344.6999999999971,43.099999999998545,40256.59999999999,39719.78571428572,39343.95714285714,296.4110771656408,1084.067352876053
2020-08-20,40420.4,40894.4,40377.3,40549.6,2098095,VND,517.0999999999985,-129.1999999999971,40383.81428571429,39934.07142857143,39370.29047619047,154.22688296276604,1107.1835931339597
2020-08-21,40722.0,40937.5,40678.9,40851.3,1449242,VND,258.59999999999854,-129.3000000000029,40493.857142857145,40085.52857142857,39396.92380952381,175.4973775406847,1136.794944528267
2020-08-24,41325.3,41885.5,41239.1,41756.2,4071243,VND,646.4000000000015,-430.8999999999942,40678.92857142857,40262.44285714285,39540.985714285714,506.2025342826203,1235.5731638741495
2020-08-25,41885.5,42187.1,41842.4,42101.0,3800371,VND,344.6999999999971,-215.5,40931.32857142857,40436.864285714284,39789.86666666666,706.5119808237508,1197.4049366582685
2020-08-26,42057.9,42101.0,41540.8,41713.1,1528339,VND,560.1999999999971,344.8000000000029,41103.68571428571,40595.62857142858,39939.909523809525,732.322605205611,1232.7705102349828
2020-08-27,41583.9,43178.3,41583.9,42962.8,4283740,VND,1594.4000000000015,-1378.9000000000015,41473.042857142864,40825.57857142857,40195.671428571426,930.1859327702927,1277.5956700549339
2020-08-28,43264.4,44040.1,43005.9,43005.9,4610788,VND,1034.199999999997,258.5,41848.55714285715,41052.57857142857,40429.37619047619,944.5807691901073,1322.7928110271157
2020-08-31,43005.9,43350.6,42531.9,42661.2,2231737,VND,818.6999999999971,344.70000000000437,42150.21428571428,41267.014285714286,40672.78571428572,784.1679782388637,1233.6800822279527
2020-09-01,42661.2,43523.0,42531.9,43005.9,2021022,VND,991.0999999999985,-344.70000000000437,42458.014285714286,41475.93571428571,40876.357142857145,587.5585571628183,1249.8312924437769
2020-09-03,43436.8,43523.0,43005.9,43436.8,2623737,VND,517.0999999999985,0.0,42698.1,41688.51428571429,41074.328571428574,596.2857927761656,1311.9472985387447
2020-09-04,42661.2,43092.1,42661.2,43092.1,1769287,VND,430.90000000000146,-430.90000000000146,42839.68571428571,41885.50714285714,41237.804761904765,546.4617200029796,1340.3624537700398
2020-09-07,43049.0,43092.1,41799.3,41799.3,2611616,VND,1292.7999999999956,1249.699999999997,42852.0,41977.84285714286,41347.752380952385,517.0216049644752,1283.3437885536746
2020-09-08,42014.8,42661.2,41799.3,42661.2,1873201,VND,861.8999999999942,-646.3999999999942,42808.91428571429,42140.97857142857,41486.69047619047,518.8129702458066,1258.6811522005926
2020-09-09,41928.6,42661.2,41885.5,42402.6,1714443,VND,775.6999999999971,-474.0,42722.72857142857,42285.642857142855,41609.295238095234,530.6118283462814,1213.614411366493
2020-09-10,42661.2,42919.7,42316.4,42402.6,1156843,VND,603.2999999999956,258.59999999999854,42685.78571428572,42418.0,41739.938095238096,544.4319040020216,1138.5264838713408
2020-09-11,42230.2,42402.6,42101.0,42359.5,1002984,VND,301.59999999999854,-129.3000000000029,42593.44285714285,42525.72857142857,41848.438095238096,535.8381871956901,1079.5697103366867
2020-09-14,42445.7,42661.2,42316.4,42488.8,1296510,VND,344.79999999999563,-43.10000000000582,42458.01428571429,42578.05714285715,41945.014285714286,386.0155326260582,1039.177447929833
2020-09-15,42661.2,43092.1,42488.8,43092.1,2192740,VND,603.2999999999956,-430.90000000000146,42458.014285714286,42648.85,42076.34285714285,386.0155326260582,998.9165949025336
2020-09-16,43092.1,43781.5,43092.1,43523.0,2205850,VND,689.4000000000015,-430.90000000000146,42704.25714285714,42778.12857142857,42219.98095238095,441.5671328995983,978.5740026279508
2020-09-17,43350.6,43523.0,43005.9,43092.1,1797462,VND,517.0999999999985,258.5,42765.81428571429,42787.364285714284,42349.25714285714,464.0280861779142,899.0634324516088
2020-09-18,43178.3,44298.7,43092.1,44126.3,3802729,VND,1206.5999999999985,-948.0,43012.05714285715,42867.392857142855,42527.780952380956,656.5668710729535,859.2520495287093
2020-09-21,44212.5,44557.2,44126.3,44126.3,1759788,VND,430.8999999999942,86.19999999999709,43258.299999999996,42972.042857142864,42698.100000000006,710.8833307935054,799.9739001993995
2020-09-22,43781.5,44212.5,43609.2,44212.5,1875156,VND,603.3000000000029,-431.0,43523.014285714286,43058.228571428575,42858.15714285715,663.861342020046,746.4555536478155
2020-09-23,44212.5,44384.8,43781.5,44040.1,2067333,VND,603.3000000000029,172.40000000000146,43744.62857142858,43101.32142857143,42966.91428571429,499.709831516637,744.2515302543562
2020-09-24,43695.4,43953.9,43264.4,43523.0,1987637,VND,689.5,172.40000000000146,43806.18571428572,43132.1,43034.62857142858,427.2119319050066,725.9938313395602
2020-09-25,43695.4,43781.5,43092.1,43781.5,1386383,VND,689.4000000000015,-86.09999999999854,43843.11428571429,43273.68571428571,43133.12380952381,409.4568370764822,676.3502228172904
2020-09-28,43867.7,44212.5,43609.2,44040.1,1509145,VND,603.3000000000029,-172.40000000000146,43978.54285714286,43372.17857142857,43184.42380952381,242.32348804285473,703.1117478075575
2020-09-29,44298.7,44298.7,43264.4,43264.4,2185564,VND,1034.2999999999956,1034.2999999999956,43855.41428571429,43433.735714285714,43196.73333333334,349.8493410436522,702.0920889267802
2020-09-30,43264.4,43436.8,42876.6,43092.1,2875357,VND,560.2000000000044,172.3000000000029,43707.67142857143,43482.985714285714,43217.252380952385,426.38819055845994,691.8806455012918
2020-10-01,43264.4,43781.5,43264.4,43781.5,1041337,VND,517.0999999999985,-517.0999999999985,43646.1,43584.55714285715,43254.18571428572,368.5337659791319,700.6795489280042
2020-10-02,43781.5,44040.1,42230.2,43350.6,2240132,VND,1809.9000000000015,430.90000000000146,43547.6,43646.114285714284,43250.08095238095,336.4202035155188,699.8082063103324
2020-10-05,43436.8,43781.5,43005.9,43523.0,1723114,VND,775.5999999999985,-86.19999999999709,43547.6,43676.892857142855,43270.6,336.4202035155188,701.2601400338091
2020-10-06,43781.5,43867.7,43350.6,43523.0,1748334,VND,517.0999999999985,258.5,43510.67142857143,43676.892857142855,43352.68095238095,320.2658360087342,616.1499335545585
2020-10-07,43264.4,43695.4,43264.4,43436.8,1717767,VND,431.0,-172.40000000000146,43424.485714285714,43701.51428571429,43389.614285714284,219.31247440274473,595.5291523392902
2020-10-08,43523.0,44384.8,43350.6,44040.1,3522094,VND,1034.2000000000044,-517.0999999999985,43535.299999999996,43695.357142857145,43467.590476190475,304.40724914729196,566.3191625797252
2020-10-09,43953.9,44126.3,43781.5,43781.5,1349525,VND,344.8000000000029,172.40000000000146,43633.78571428572,43670.72857142857,43533.252380952385,242.30655121559806,514.2052679808786
2020-10-12,43867.7,44298.7,43609.2,43867.7,1783282,VND,689.5,0.0,43646.1,43646.09999999999,43605.07142857143,253.01833925645195,442.3790356053249
2020-10-13,43867.7,43953.9,43523.0,43695.4,1405530,VND,430.90000000000146,172.29999999999563,43695.357142857145,43621.47857142857,43662.52857142857,216.88555244007887,361.02311441665125
2020-10-14,43781.5,44298.7,43436.8,43953.9,2771225,VND,861.8999999999942,-172.40000000000146,43756.91428571428,43652.25714285714,43703.566666666666,220.92551858488997,341.38656290717626
2020-10-15,44126.3,44298.7,43695.4,44126.3,2214176,VND,603.2999999999956,0.0,43843.1,43676.885714285716,43732.29523809524,231.87014325573193,350.68952860961366
2020-10-16,44126.3,46453.3,43867.7,45850.0,6634973,VND,2585.600000000006,-1723.699999999997,44187.84285714285,43806.16428571429,43863.623809523815,747.575752810765,555.5310683526227
2020-10-19,46194.7,46367.1,45677.6,45936.2,2683721,VND,689.5,258.5,44458.71428571428,43997.00714285714,43949.80952380953,989.4899754058546,715.6424078441744
2020-10-20,45763.8,45936.2,45246.7,45850.0,2169085,VND,689.5,-86.19999999999709,44754.21428571428,44194.0,44031.89047619047,1059.9023122102722,827.0723407931193
2020-10-21,45850.0,46970.4,45505.2,45505.2,3800762,VND,1465.2000000000044,344.8000000000029,44988.142857142855,44317.12142857142,44093.44761904761,1011.218027689341,887.113841972549
2020-10-22,45505.2,46539.4,45332.9,46539.4,2698522,VND,1206.5,-1034.2000000000044,45394.42857142857,44544.892857142855,44212.461904761905,975.9704106073464,1034.9348783746946
2020-10-23,46711.8,46970.4,46108.5,46453.3,3043257,VND,861.9000000000015,258.5,45751.485714285714,44754.200000000004,44352.0,802.990968045114,1130.4625871740552
2020-10-26,46453.3,46970.4,45505.2,45505.2,4430388,VND,1465.2000000000044,948.1000000000058,45948.471428571436,44895.78571428572,44434.08095238095,411.6170174418764,1149.387451479834
2020-10-27,45591.4,45850.0,44901.9,44901.9,3667132,VND,948.0999999999985,689.5,45813.02857142857,45000.43571428571,44475.119047619046,573.5522606654182,1150.0021154847104
2020-10-28,44815.8,45160.5,43695.4,43695.4,4135666,VND,1465.0999999999985,1120.4000000000015,45492.91428571429,44975.81428571429,44495.642857142855,976.8692038490605,1131.00337602135
2020-10-29,43436.8,44212.5,43264.4,43867.7,3127644,VND,948.0999999999985,-430.8999999999942,45209.72857142857,44981.97142857143,44532.57619047619,1131.2303681012168,1094.9681940152536
2020-10-30,44298.7,44384.8,43523.0,44384.8,1690466,VND,861.8000000000029,-86.10000000000582,45049.67142857143,45018.90714285715,44561.304761904765,1161.3188360858308,1082.1159209975867
2020-11-02,44384.8,44557.2,44126.3,44557.2,996027,VND,430.8999999999942,-172.39999999999418,44766.5,45080.46428571428,44618.76190476191,962.1073328897002,1046.0492428544926
2020-11-03,44729.6,45591.4,44557.2,45505.2,2947324,VND,1034.2000000000044,-775.5999999999985,44631.057142857135,45191.27142857143,44713.152380952386,721.7886575657783,1031.5609025255453
2020-11-04,45677.6,45936.2,45246.7,45677.6,1575144,VND,689.5,0.0,44655.68571428571,45302.07857142857,44815.752380952385,758.5900790910534,1014.2729532129512
2020-11-05,45419.0,46022.3,44815.8,44815.8,1501739,VND,1206.5,603.1999999999971,44643.385714285716,45228.207142857136,44881.41904761904,754.6201614689146,963.9224157676406
2020-11-06,45160.5,45505.2,44901.9,45160.5,1135349,VND,603.2999999999956,0.0,44852.68571428571,45172.799999999996,44934.771428571425,642.7537590415423,945.8652362483436
2020-11-09,45505.2,46022.3,45419.0,46022.3,2313398,VND,603.3000000000029,-517.1000000000058,45160.48571428571,45185.107142857145,45041.47619047619,607.3726490072005,935.5960741180149
2020-11-10,46539.4,46539.4,45677.6,45677.6,2000242,VND,861.8000000000029,861.8000000000029,45345.17142857142,45197.42142857143,45127.6619047619,522.8712993791104,904.923082629939
2020-11-11,46022.3,46022.3,45419.0,45677.6,1918465,VND,603.3000000000029,344.70000000000437,45505.228571428575,45135.864285714284,45222.05238095238,398.046926522984,849.7550427148584
2020-11-12,45677.6,46108.5,45591.4,46108.5,1419721,VND,517.0999999999985,-430.90000000000146,45591.41428571429,45111.23571428571,45324.65238095238,458.7280800525271,818.4799818073344
2020-11-13,46367.1,46367.1,46108.5,46367.1,1515896,VND,258.59999999999854,0.0,45689.91428571428,45172.8,45431.357142857145,546.0362180557947,800.3041356707579
2020-11-16,46539.4,46884.2,45677.6,45936.2,4270745,VND,1206.5999999999985,603.2000000000044,45849.97142857143,45246.67857142857,45435.461904761905,388.62710367959164,802.7759597026313
2020-11-17,46194.7,46625.6,45677.6,46539.4,2892860,VND,948.0,-344.70000000000437,46046.95714285714,45449.82142857143,45464.18571428572,325.19313675195315,831.8533315951829
2020-11-18,46798.0,46798.0,46280.9,46539.4,2020735,VND,517.0999999999985,258.59999999999854,46120.82857142857,45640.65714285715,45497.014285714286,373.7638591156858,860.9355488571756
2020-11-19,46798.0,48263.1,46539.4,47487.5,5727496,VND,1723.699999999997,-689.5,46379.38571428571,45862.27857142857,45591.409523809525,583.3199791669526,964.3403724334343
2020-11-20,47487.5,48176.9,47401.3,47573.7,2112965,VND,775.5999999999985,-86.19999999999709,46650.25714285714,46077.74285714286,45640.6619047619,640.5540957045718,1038.7226513735432
2020-11-23,47573.7,48435.5,47056.5,48176.9,3248337,VND,1379.0,-603.2000000000044,46945.74285714286,46268.57857142857,45722.73809523809,804.9650362120706,1166.395117649454
2020-11-24,48176.9,48694.0,47401.3,47918.4,3454532,VND,1292.699999999997,258.5,47167.357142857145,46428.635714285716,45837.652380952386,832.1915221413273,1259.0839652776701
2020-11-25,48521.7,48521.7,47573.7,47573.7,2110975,VND,948.0,948.0,47401.28571428572,46625.62857142858,45964.880952380954,635.2906091666435,1294.2980366280954
2020-11-26,47832.2,48263.1,47228.9,48004.6,1880400,VND,1034.199999999997,-172.40000000000146,47610.59999999999,46828.77857142857,46170.08095238095,537.900052674057,1257.5732645135806
2020-11-27,48176.9,48435.5,47918.4,48435.5,2284384,VND,517.0999999999985,-258.59999999999854,47881.47142857143,47001.15,46387.59523809524,354.82626130878987,1234.2490423235042
2020-11-30,48866.4,48866.4,47746.0,47746.0,3175956,VND,1120.4000000000015,1120.4000000000015,47918.4,47148.892857142855,46547.65238095238,318.5914416093983,1178.208483936245
2020-12-01,47401.3,47746.0,47228.9,47573.7,3941476,VND,517.0999999999985,-172.39999999999418,47918.4,47284.32857142858,46691.29523809524,318.5914416093983,1105.0130992329857
2020-12-02,47401.3,48004.6,47401.3,47918.4,2424431,VND,603.2999999999956,-517.0999999999985,47881.47142857143,47413.607142857145,46806.20952380952,297.9470742392128,1100.9707538827088
2020-12-03,47832.2,48004.6,47487.5,47918.4,1872177,VND,517.0999999999985,-86.20000000000437,47881.47142857143,47524.41428571428,46912.91428571429,297.9470742392128,1094.687996319505
2020-12-04,47746.0,48176.9,47746.0,48004.6,1588058,VND,430.90000000000146,-258.59999999999854,47943.02857142857,47672.15714285714,47064.76190476191,266.62932268295816,1006.8891167732861
2020-12-07,48176.9,48263.1,47832.2,48004.6,1673457,VND,430.90000000000146,172.3000000000029,47943.02857142857,47776.81428571429,47200.19523809524,266.62932268295816,925.9700364895652
2020-12-08,48004.6,48780.2,47832.2,48435.5,2641677,VND,948.0,-430.90000000000146,47943.02857142857,47912.25,47315.10952380953,266.62932268295816,922.2158011577646
2020-12-09,48521.7,49814.4,48435.5,49555.9,3452094,VND,1378.9000000000015,-1034.2000000000044,48201.58571428572,48059.99285714285,47499.79047619047,648.2178888527061,965.2226701155826
2020-12-10,49125.0,49728.3,48694.0,48694.0,2429364,VND,1034.300000000003,431.0,48361.62857142858,48140.014285714286,47643.42857142857,604.1597380227411,902.9281356470996
2020-12-11,48780.2,49125.0,48521.7,49125.0,2012811,VND,603.3000000000029,-344.8000000000029,48534.0,48207.73571428571,47787.07142857143,628.2720933906119,886.3220030796621
2020-12-14,49125.0,49986.8,49038.8,49297.3,1660324,VND,948.0,-172.3000000000029,48730.985714285714,48306.22857142857,47926.60476190476,619.1923326091775,882.2398984836699
2020-12-15,49555.9,49642.1,48780.2,48866.4,3066936,VND,861.9000000000015,689.5,48854.1,48398.56428571429,48066.13809523809,529.9364427300901,777.1611213104229
2020-12-16,49297.3,49555.9,49125.0,49211.2,2294860,VND,430.90000000000146,86.10000000000582,49026.47142857143,48484.75,48193.36666666666,383.5975743506527,732.1166719407606
2020-12-17,49038.8,49211.2,48263.1,48694.0,4133676,VND,948.0999999999985,344.8000000000029,49063.4,48503.21428571428,48295.96666666666,325.22468643501156,633.0032569692002
2020-12-18,48694.0,49211.2,48694.0,49038.8,1762743,VND,517.1999999999971,-344.8000000000029,48989.52857142857,48595.55714285715,48369.8380952381,243.06260314516805,624.3976589293657
2020-12-21,49383.5,49814.4,49211.2,49555.9,2653499,VND,603.2000000000044,-172.40000000000146,49112.65714285714,48737.142857142855,48464.228571428575,283.37005168252915,647.4277914510145
2020-12-22,49469.7,50417.7,49211.2,50073.0,2962849,VND,1206.5,-603.3000000000029,49248.08571428571,48891.042857142864,48554.51904761905,461.0696419869605,732.039716558691
2020-12-23,50245.4,50503.9,49297.3,49555.9,1600133,VND,1206.5999999999985,689.5,49285.02857142857,49008.00714285714,48632.49523809523,475.79502839741525,747.9329277926411
2020-12-24,49555.9,49814.4,48607.9,49125.0,2744142,VND,1206.5,430.90000000000146,49321.97142857143,49088.03571428572,48706.36666666666,447.04423611953234,713.9674406677203
2020-12-25,49125.0,49642.1,48780.2,49642.1,1868877,VND,861.9000000000015,-517.0999999999985,49383.52857142857,49205.0,48784.34285714286,458.76252286016927,722.8562973176001
2020-12-28,49900.6,50503.9,49555.9,49900.6,2526654,VND,948.0,0.0,49555.90000000001,49309.65,48854.10952380953,375.656793718329,757.3819399121188
2020-12-29,49900.6,50676.3,49642.1,50503.9,2498893,VND,1034.2000000000044,-603.3000000000029,49765.2,49377.36428571429,48985.438095238096,441.84731902931804,793.8595243974045
2020-12-30,50762.5,50762.5,50073.0,50073.0,1384807,VND,689.5,689.5,49839.07142857143,49475.86428571429,49104.45238095238,444.24275538757746,758.1752083913913
2020-12-31,50073.0,51021.0,49986.8,50934.8,2341826,VND,1034.199999999997,-861.8000000000029,49962.18571428572,49605.135714285716,49248.090476190475,608.811463505162,806.4358355784079
2021-01-04,51365.8,51882.9,51107.2,51882.9,2473996,VND,775.7000000000044,-517.0999999999985,50294.614285714284,49789.82142857143,49436.87619047619,910.5330296564139,933.6080183380211
2021-01-05,51710.5,54726.9,51538.1,54037.5,2682031,VND,3188.800000000003,-2327.0,50996.4,50159.18571428571,49724.15714285715,1536.668255241414,1319.349569512083
2021-01-06,54382.2,54813.1,53692.7,53778.9,2065401,VND,1120.4000000000015,603.2999999999956,51587.37142857143,50485.450000000004,49999.1238095238,1714.2317576826138,1528.234088386023
2021-01-07,53951.3,54209.8,53348.0,53865.1,2472731,VND,861.8000000000029,86.20000000000437,52153.72857142857,50854.81428571429,50257.67619047619,1718.9662501188318,1700.1030124392646
2021-01-08,54296.0,54899.3,53951.3,54554.6,3128461,VND,948.0,-258.59999999999854,52732.40000000001,51248.799999999996,50495.70952380953,1752.4884574037255,1931.1681987608088
2021-01-11,55071.7,55761.1,54554.6,55761.1,2268721,VND,1206.5,-689.4000000000015,53544.985714285714,51692.028571428564,50832.23809523809,1628.181055071936,2198.7281645252333
2021-01-12,56019.7,56881.5,55157.9,56709.2,2800481,VND,1723.5999999999985,-689.5,54369.9,52166.04285714286,51193.39047619047,1546.0508195614275,2505.7242292209803
2021-01-13,56795.4,58088.1,56795.4,57312.5,3003801,VND,1292.699999999997,-517.0999999999985,55145.55714285715,52720.08571428572,51575.066666666666,1449.3594307568017,2796.088424269457
2021-01-14,57312.5,57743.4,56623.0,57226.3,2044126,VND,1120.4000000000015,86.19999999999709,55601.1,53298.75,51973.15714285715,1541.261480086963,2980.2162340292957
2021-01-15,57743.4,57743.4,57226.3,57398.6,1771460,VND,517.0999999999985,344.8000000000029,56118.2,53852.78571428572,52363.03333333333,1431.302916925638,3132.4808590530392
2021-01-18,57743.4,57743.4,57053.9,57140.1,1390350,VND,689.5,603.3000000000029,56586.05714285715,54369.892857142855,52765.228571428575,1058.8796041997887,3179.7036480060833
2021-01-19,56881.5,56967.7,53175.6,53434.2,4031441,VND,3792.0999999999985,3447.300000000003,56426.0,54579.2,52974.53333333333,1435.003681760606,3064.7314768725946
2021-01-20,54037.5,54899.3,51882.9,54554.6,4213371,VND,3016.4000000000015,-517.0999999999985,56253.642857142855,54899.31428571428,53212.56666666667,1592.038025987541,2978.852800044621
2021-01-21,55588.8,56709.2,54554.6,56536.8,2660066,VND,2154.5999999999985,-948.0,56229.014285714286,55299.45714285714,53520.366666666676,1585.1345972592999,2972.1656317126212
2021-01-22,56623.0,58174.3,56364.4,57657.2,2403846,VND,1809.9000000000015,-1034.199999999997,56278.25714285714,55711.90714285714,53906.142857142855,1629.1464675887719,2957.587498886852
2021-01-25,57571.0,58777.6,57053.9,57743.4,3578686,VND,1723.699999999997,-172.40000000000146,56352.12857142857,55976.614285714284,54316.54285714285,1689.88997148161,2857.225054764112
2021-01-26,58174.3,58174.3,56450.6,56881.5,2987126,VND,1723.7000000000044,1292.800000000003,56278.25714285714,56198.22857142857,54661.276190476194,1647.2857188489313,2697.291483118782
2021-01-27,56623.0,56967.7,54209.8,54296.0,2560821,VND,2757.899999999994,2327.0,55871.957142857136,56229.00714285714,54870.58095238095,1747.0123963089031,2470.3950863413334
2021-01-28,51710.5,53692.7,50503.9,50503.9,5856261,VND,3188.7999999999956,1206.5999999999985,55453.34285714286,55939.67142857143,54870.58095238096,2580.666129676013,2470.3950863413334
2021-01-29,50848.6,54037.5,50848.6,54037.5,3693686,VND,3188.9000000000015,-3188.9000000000015,55379.47142857143,55816.55714285715,55059.366666666676,2617.813954246453,2224.700401926895
2021-02-01,55502.6,56364.4,53692.7,54726.9,2320011,VND,2671.7000000000044,775.6999999999971,55120.91428571429,55674.96428571428,55239.94285714286,2573.4599559273775,2017.4186289840254
2021-02-02,54382.2,56881.5,54296.0,56881.5,3754291,VND,2585.5,-2499.300000000003,55010.1,55644.17857142857,55477.97142857142,2460.2552394686963,1892.5475156896896
2021-02-03,58174.3,60846.0,56967.7,60328.9,4799526,VND,3878.300000000003,-2154.5999999999985,55379.45714285714,55865.792857142864,55777.5619047619,3059.9800303580905,2135.4909099494075
2021-02-04,60501.3,63086.8,60501.3,62483.5,5058506,VND,2585.5,-1982.199999999997,56179.74285714286,56229.0,56192.066666666666,4080.6241009013493,2535.4810855799524
2021-02-05,62914.4,63259.2,61880.2,62828.2,2397636,VND,1379.0,86.20000000000437,57398.62857142858,56635.29285714286,56618.880952380954,4657.658153591143,2858.069272536865
2021-02-08,62828.2,62828.2,59984.2,61449.3,4640941,VND,2844.0,1378.8999999999942,58962.25714285714,57207.8,56947.2,3695.0145159196427,3001.493214385193
2021-02-09,61535.5,64293.4,60328.9,64293.4,4857946,VND,3964.5,-2757.9000000000015,60427.385714285716,57903.42857142857,57353.5,3441.424917302173,3385.796642298582
2021-02-17,65758.5,68085.5,65413.8,67137.5,3609966,VND,2671.699999999997,-1379.0,62200.32857142857,58660.62142857142,57850.08571428571,3203.8321973922552,3996.2818141725256
2021-02-18,67223.6,67482.2,66017.1,67396.0,2579566,VND,1465.0999999999913,-172.39999999999418,63702.4,59356.25,58330.252380952385,2723.318401019787,4502.216605919731
2021-02-19,66620.3,67223.6,65500.0,66017.1,4281106,VND,1723.6000000000058,603.1999999999971,64515.0,59947.228571428575,58748.8619047619,2375.355454102177,4793.683814090842
2021-02-22,66017.1,66792.7,65586.1,66189.4,2667196,VND,1206.5999999999913,-172.29999999998836,65044.41428571429,60612.07857142858,59167.471428571436,2257.1570580625353,5047.011875966132
2021-02-23,65758.5,66361.8,64293.4,65069.0,3874926,VND,2068.4000000000015,689.5,65364.52857142857,61381.57857142858,59545.038095238095,2038.800076608925,5182.522039265873
2021-02-24,65500.0,65930.9,64551.9,64982.9,2558981,VND,1378.9999999999927,517.0999999999985,65869.32857142857,62415.79285714286,60094.97619047619,1152.7574791402947,5113.939887885373
2021-02-25,65586.1,65758.5,64207.2,65672.3,2216626,VND,1551.300000000003,-86.19999999999709,66066.31428571428,63246.85,60624.39047619047,936.0150131068938,5087.103925015199
2021-02-26,64638.1,65844.7,64551.9,65672.3,2226401,VND,1292.7999999999956,-1034.2000000000044,65857.0,64028.66428571429,61059.41428571429,812.1848886386217,5110.63284498955
2021-03-01,66189.4,67223.6,66189.4,67137.5,2389816,VND,1034.2000000000116,-948.1000000000058,65820.07142857143,64761.235714285714,61510.857142857145,732.516094735955,5212.7709124391495
2021-03-02,67999.3,67999.3,66275.6,67137.5,2094956,VND,1723.699999999997,861.8000000000029,65980.12857142858,65247.56428571429,61958.19523809524,888.5333171659232,5275.995874854
2021-03-03,67223.6,67309.8,66706.5,66965.1,1839310,VND,603.3000000000029,258.5,66090.94285714286,65567.67857142857,62438.36666666666,964.1372894234196,5249.652624539414
2021-03-04,66965.1,67051.3,64724.3,65413.8,3336726,VND,2327.0,1551.300000000003,66140.2,65752.3642857143,62967.78571428572,910.5433963662915,4938.856887305596
2021-03-05,65069.0,65500.0,64207.2,65413.8,2883626,VND,1292.800000000003,-344.8000000000029,66201.75714285714,66035.54285714285,63677.780952380956,830.2935582411426,4049.0414165107313
2021-03-08,65500.0,65930.9,64982.9,65327.6,1905090,VND,947.9999999999927,172.40000000000146,66152.5142857143,66109.41428571429,64215.40476190476,875.8972721890202,3403.0265009953055
2021-03-09,64638.1,65241.4,64207.2,64638.1,2509761,VND,1034.2000000000044,0.0,66004.77142857143,65930.88571428573,64687.36666666666,1041.8913406463641,2618.024323289125
2021-03-10,65413.8,66792.7,64638.1,65758.5,2992761,VND,2154.5999999999985,-344.6999999999971,65807.77142857143,65813.92142857144,65110.08095238095,914.6163124760059,1917.607423749496
2021-03-11,65930.9,66448.0,65586.1,66103.2,1699470,VND,861.8999999999942,-172.3000000000029,65660.0142857143,65820.07142857143,65385.04761904762,728.6303073311518,1582.4540870493424
2021-03-12,66361.8,66448.0,65758.5,65930.9,2372221,VND,689.5,430.90000000000873,65512.271428571425,65801.60714285714,65549.20952380954,483.5196366717662,1438.684524802041
2021-03-15,66017.1,66792.7,65586.1,65930.9,2025036,VND,1206.5999999999913,86.20000000001164,65586.14285714286,65863.17142857143,65696.95714285715,504.9920423696998,1297.683349115466
2021-03-16,66361.8,70240.1,66017.1,69809.2,5877651,VND,4223.0,-3447.399999999994,66214.05714285714,66207.90714285715,66095.04761904762,1662.0608140267864,1208.7099534706954
2021-03-17,70240.1,70240.1,68947.3,69636.8,1843680,VND,1292.800000000003,603.3000000000029,66829.65714285713,66491.08571428571,66349.49523809523,2035.161573321239,1363.0490711915904
2021-03-18,69809.2,69809.2,68947.3,69809.2,2078626,VND,861.8999999999942,0.0,67568.3857142857,66786.57857142857,66476.71904761904,2045.564689296039,1551.882036309172
2021-03-19,68947.3,69378.2,68430.2,68775.0,2584971,VND,948.0,172.3000000000029,67999.31428571428,66903.54285714285,66542.3857142857,1914.2598695304657,1620.389160444417
2021-03-22,68516.4,68602.6,67482.2,67826.9,2397521,VND,1120.4000000000087,689.5,68245.55714285714,66952.78571428571,66628.56666666668,1731.876322428951,1639.0744675985204
2021-03-23,67654.6,68947.3,67482.2,67913.1,2531956,VND,1465.1000000000058,-258.5,68528.72857142857,67020.5,66710.64761904761,1425.2462497338802,1659.0204608801782
2021-03-24,67137.5,67999.3,65930.9,66361.8,2852116,VND,2068.4000000000087,775.6999999999971,68590.28571428571,67088.21428571428,66772.20952380952,1297.966512701605,1618.5499423572899
2021-03-25,66792.7,66792.7,65930.9,66017.1,2651211,VND,861.8000000000029,775.5999999999913,68048.55714285714,67131.30714285714,66821.45714285715,1482.6522505935152,1576.5739477016125
2021-03-26,65672.3,66189.4,64207.2,65586.1,3073491,VND,1982.199999999997,86.19999999999709,67469.88571428572,67149.77142857143,66817.35238095238,1548.477834765955,1579.8243502424773
2021-03-29,65930.9,67309.8,65586.1,66878.9,2297356,VND,1723.699999999997,-948.0,67051.27142857142,67309.82857142857,66874.80952380953,1157.3611489276768,1557.8866280653333
2021-03-30,67137.5,67223.6,66361.8,66448.0,1739375,VND,861.8000000000029,689.5,66718.84285714287,67359.07857142857,66841.97619047618,880.912776342468,1559.338584434047
2021-03-31,66448.0,67309.8,66017.1,66965.1,1579410,VND,1292.699999999997,-517.1000000000058,66595.72857142858,67420.64285714286,66833.76666666666,750.8657197177212,1558.15830785365
2021-04-01,67137.5,68688.8,67137.5,68688.8,2876036,VND,1551.300000000003,-1551.300000000003,66706.54285714285,67617.6357142857,66915.84761904762,995.181546012281,1609.962166207348
2021-04-02,69292.1,69378.2,68775.0,68775.0,2242731,VND,603.1999999999971,517.1000000000058,67051.28571428571,67820.78571428571,67075.90476190476,1242.983756166911,1620.214183210413
2021-04-05,69292.1,69378.2,67999.3,68602.6,1710050,VND,1378.8999999999942,689.5,67420.64285714286,67734.6,67227.75238095238,1268.3397768434763,1606.0179702042656
2021-04-06,68171.7,68947.3,68171.7,68430.2,1731670,VND,775.6000000000058,-258.5,67826.94285714286,67648.41428571429,67375.49523809523,1012.4405362900783,1564.6531345560766
2021-04-07,68257.8,68688.8,68171.7,68602.6,1729370,VND,517.1000000000058,-344.8000000000029,68073.18571428572,67562.22857142857,67564.28095238096,951.194421816467,1453.0450968978885
2021-04-08,69119.7,69464.4,68516.4,68602.6,1851270,VND,948.0,517.0999999999913,68380.98571428572,67549.91428571429,67699.71428571429,633.0468608995393,1408.1703860988016
2021-04-09,68861.1,71532.8,68861.1,70757.2,4565961,VND,2671.699999999997,-1896.0999999999913,68922.71428571429,67759.22142857143,67921.33333333333,815.6656819809332,1507.0969230056978
2021-04-12,71015.7,71015.7,70240.1,70757.2,2325876,VND,775.5999999999913,258.5,69218.2,67962.37142857142,68151.15714285715,1056.03837682768,1555.6017959527144
2021-04-13,70671.0,70843.4,69378.2,69550.6,2343816,VND,1465.199999999997,1120.3999999999942,69329.0,68190.14285714287,68323.52380952382,1042.3874327712824,1496.7117601277225
2021-04-14,68947.3,69809.2,68516.4,69809.2,2910191,VND,1292.800000000003,-861.8999999999942,69501.37142857144,68461.00714285714,68323.52380952382,1001.1977056075323,1496.7117601277225
2021-04-15,69809.2,70153.9,68775.0,68947.3,2410631,VND,1378.8999999999942,861.8999999999942,69575.24285714286,68701.09285714287,68290.69047619047,925.1818809599764,1473.8501561911335
2021-04-16,68775.0,69981.5,67913.1,68688.8,2523791,VND,2068.399999999994,86.19999999999709,69587.55714285714,68830.37142857142,68237.3380952381,910.5359591233288,1435.9235646356888
2021-04-19,68947.3,70240.1,68516.4,70240.1,2737921,VND,1723.7000000000116,-1292.800000000003,69821.48571428572,69101.23571428572,68307.10476190477,821.2863861618191,1497.6196020605687
2021-04-20,70498.6,73170.3,70326.3,71446.7,5454221,VND,2844.0,-948.0999999999913,69919.98571428572,69421.35,68479.47619047618,978.5118350986231,1641.0332263255987
2021-04-22,70671.0,72308.5,68947.3,68947.3,2611881,VND,3361.199999999997,1723.699999999997,69661.42857142857,69439.8142857143,68528.72380952381,959.3521802309027,1638.7029358320553
2021-04-23,68947.3,71532.8,68688.8,71532.8,3641361,VND,2844.0,-2585.5,69944.6,69636.8,68774.96190476192,1186.7733060696585,1684.6745087630416
2021-04-26,71101.9,71360.5,69378.2,69809.2,2933996,VND,1982.300000000003,1292.699999999997,69944.6,69722.98571428572,68955.5380952381,1186.7733060696585,1573.8749503934464
2021-04-27,69292.1,70153.9,69033.5,69550.6,1480165,VND,1120.3999999999942,-258.5,70030.78571428571,69803.0142857143,69144.3238095238,1122.4391704801112,1374.667083662265
2021-04-28,69033.5,70067.7,69033.5,69636.8,1571705,VND,1034.199999999997,-603.3000000000029,70166.21428571429,69876.88571428572,69275.65238095238,981.9310013580827,1275.5859146363987
2021-04-29,69636.8,70498.6,69636.8,69723.0,2409826,VND,861.8000000000029,-86.19999999999709,70092.34285714287,69956.91428571429,69431.60476190476,994.8125315136804,1100.8212018651768
2021-05-04,68947.3,71963.8,68947.3,71446.7,2716416,VND,3016.5,-2499.399999999994,70092.34285714287,70006.16428571429,69645.0142857143,994.8125315136804,1030.938730616605
2021-05-05,72825.6,72825.6,71274.3,71446.7,2669496,VND,1551.300000000003,1378.9000000000087,70449.4,70055.41428571429,69776.34285714287,963.3832172779714,1077.6415895700502
2021-05-06,71532.8,71963.8,70843.4,71274.3,2264351,VND,1120.4000000000087,258.5,70412.47142857143,70178.53571428571,69895.35714285714,918.8581459509801,1099.3171423984254
2021-05-07,71274.3,72394.7,70929.6,71532.8,3111786,VND,1465.0999999999913,-258.5,70658.7,70301.65,70034.89047619047,960.2605445049043,1112.9038839470115
2021-05-10,71619.0,74118.4,71532.8,73946.0,5179946,VND,2585.5999999999913,-2327.0,71286.6142857143,70658.7,70297.54761904762,1434.7545149239868,1342.4619736210655
2021-05-11,74118.4,74635.5,73428.9,73428.9,2390506,VND,1206.6000000000058,689.5,71828.34285714285,70997.27857142857,70527.37142857144,1423.8641728959517,1446.8483794587191
2021-05-12,73256.5,73601.3,72653.2,73601.3,2121176,VND,948.1000000000058,-344.8000000000029,72382.3857142857,71237.3642857143,70765.40476190476,1205.9919270437842,1523.5130332476979
2021-05-13,73256.5,73601.3,72394.7,72394.7,2942046,VND,1206.6000000000058,861.8000000000029,72517.81428571428,71305.07857142857,70843.38095238095,1134.515812183675,1564.4278329850945
2021-05-14,72653.2,74290.7,72480.9,73084.2,2137506,VND,1809.800000000003,-431.0,72751.74285714286,71600.57142857143,70954.19047619047,1041.889765213526,1638.6683309639343
2021-05-17,73946.0,74635.5,73428.9,73859.8,2006176,VND,1206.6000000000058,86.19999999999709,73121.1,71766.78571428571,71159.39047619049,875.8982094586663,1721.814894494783
2021-05-18,74463.1,75324.9,74290.7,74980.2,2453526,VND,1034.199999999997,-517.0999999999913,73613.58571428571,72136.14285714286,71405.62857142856,799.8902746178069,1881.4250519598488
2021-05-19,75411.1,78513.8,74807.8,78255.2,3307746,VND,3706.0,-2844.0999999999913,74229.18571428572,72757.9,71848.86190476191,1941.6611062253273,2318.8669902509178
2021-05-20,78255.2,82305.9,77910.5,82305.9,4052486,VND,4395.399999999994,-4050.699999999997,75497.32857142857,73662.83571428571,72497.29523809523,3557.991928843276,3147.0363463861027
2021-05-21,81271.7,83253.9,80151.3,80840.7,3706106,VND,3102.5999999999913,431.0,76531.52857142857,74456.95714285715,73002.0857142857,3946.00105157706,3586.3849909462583
2021-05-24,80840.7,80926.9,79375.6,80582.2,3069926,VND,1551.2999999999884,258.5,77701.17142857143,75109.49285714285,73437.10952380953,3722.536843208848,3926.244349999568
2021-05-25,80582.2,82047.3,79978.9,80840.7,2479746,VND,2068.4000000000087,-258.5,78809.24285714285,75780.49285714285,74003.4619047619,3242.662016953077,4100.1634168011915
2021-05-26,81185.5,82305.9,80754.6,82133.5,2291721,VND,1551.2999999999884,-948.0,79991.2,76556.15,74508.25714285714,2577.585558877365,4420.797253841204
2021-05-27,82133.5,82219.7,80582.2,80840.7,2007671,VND,1637.5,1292.800000000003,80828.41428571429,77221.0,75033.56666666667,1327.1974739132727,4489.391438082859
2021-05-28,81013.1,81874.9,80754.6,81702.6,2155446,VND,1120.2999999999884,-689.5,81320.9,77775.04285714286,75612.23333333334,708.718616001148,4530.308126864168
2021-05-31,82305.9,84460.5,81616.4,84374.3,3723356,VND,2844.100000000006,-2068.4000000000087,81616.3857142857,78556.85714285714,76314.01904761905,1338.8761685689437,4696.803574093456
2021-06-01,87900.0,88500.0,87000.0,87100.0,3495000,VND,1500.0,800.0,82510.57142857143,79521.05,77141.49523809523,2402.321690722193,4998.580176057394
2021-06-02,87100.0,87500.0,85000.0,85500.0,3053900,VND,2500.0,1600.0,83213.1142857143,80457.14285714286,77810.70000000001,2462.7220234452047,5136.854335582972
2021-06-03,85000.0,85400.0,84300.0,85200.0,3190800,VND,1100.0,-200.0,83835.87142857144,81322.55714285714,78465.61904761905,2309.2054432310338,5161.586043321996
2021-06-04,85000.0,85100.0,83800.0,84700.0,3820600,VND,1300.0,300.0,84202.5142857143,82096.85714285714,79104.9380952381,2194.7755955364005,5056.720973760898
2021-06-07,84600.0,84700.0,81000.0,82700.0,3711200,VND,3700.0,1900.0,84468.12857142858,82648.27142857143,79636.70952380952,1796.4843785519643,4801.340109792449
2021-06-08,82000.0,83000.0,80600.0,80800.0,3486000,VND,2400.0,1200.0,84339.18571428572,82830.04285714286,79963.09047619047,2043.4762802869798,4624.875089113398
2021-06-09,80600.0,82100.0,79000.0,81700.0,3576100,VND,3100.0,-1100.0,83957.14285714286,82786.76428571428,80356.95238095238,2272.9255324780656,4386.644105192009
2021-06-10,81700.0,82500.0,81000.0,81900.0,2214900,VND,1500.0,-200.0,83214.28571428571,82862.42857142857,80752.12857142858,1892.4662669196205,4112.880002642852
2021-06-11,81500.0,83900.0,81300.0,83500.0,2359600,VND,2600.0,-2000.0,82928.57142857143,83070.84285714287,81280.95238095238,1621.433815808616,3675.2352056182
2021-06-14,83500.0,84600.0,83000.0,83800.0,2547600,VND,1600.0,-300.0,82728.57142857143,83282.22142857143,81791.22857142857,1359.7969036027619,3192.4748240415415
2021-06-15,83800.0,84500.0,83200.0,83200.0,1778700,VND,1300.0,600.0,82514.28571428571,83358.40000000001,82236.0,1088.4676865952024,2634.0153160139475
2021-06-16,83200.0,84600.0,82700.0,83100.0,2462000,VND,1900.0,100.0,82571.42857142857,83519.77857142857,82622.65714285713,1110.1265479128801,2045.9840834100692
2021-06-17,82100.0,83100.0,82100.0,82600.0,2236400,VND,1000.0,-500.0,82828.57142857143,83583.87857142858,82829.55238095239,795.2238379104374,1785.3281268760877
2021-06-18,83100.0,84200.0,82700.0,83800.0,1681700,VND,1500.0,-700.0,83128.57142857143,83542.85714285714,82900.70000000001,687.2997543874465,1793.1701748567548
2021-06-21,83600.0,86300.0,83200.0,85600.0,3878300,VND,3100.0,-2000.0,83657.14285714286,83435.71428571429,83127.33333333333,955.4355775547106,1820.3459834133314
2021-06-22,86100.0,86600.0,85400.0,85400.0,1760300,VND,1200.0,700.0,83928.57142857143,83428.57142857143,83356.75238095237,1152.843276012755,1786.829664409753
2021-06-23,85300.0,85600.0,84100.0,84900.0,1599900,VND,1500.0,400.0,84085.71428571429,83407.14285714286,83550.05238095239,1206.1351104922412,1719.3259715989268
2021-06-24,84300.0,84900.0,83900.0,84700.0,1657800,VND,1000.0,-400.0,84300.0,83407.14285714286,83672.26666666668,1154.7005383793642,1704.7541149177005
2021-06-25,84700.0,85400.0,84200.0,85200.0,1503400,VND,1200.0,-500.0,84600.0,83585.71428571429,83879.85238095238,1059.874206372457,1605.225884296184
2021-06-28,86100.0,86100.0,85400.0,85700.0,1858800,VND,700.0,400.0,85042.85714285714,83935.71428571429,84070.20476190475,655.3806600169042,1570.7736566646176
2021-06-29,86600.0,89000.0,86300.0,88600.0,4897800,VND,2700.0,-2000.0,85728.57142857143,84428.57142857143,84271.42857142857,1316.1994348811497,1856.3789637727846
2021-06-30,89000.0,89100.0,88000.0,88000.0,1651100,VND,1100.0,1000.0,86071.42857142857,84864.28571428571,84314.28571428571,1566.0079668959286,1933.7232775867794
2021-07-01,88100.0,88900.0,88000.0,88900.0,1700100,VND,900.0,-800.0,86571.42857142857,85250.0,84476.19047619047,1849.0666886427537,2166.311326171734
2021-07-02,89300.0,92500.0,88900.0,91900.0,3873500,VND,3600.0,-2600.0,87571.42857142857,85828.57142857143,84795.23809523809,2553.242569566875,2704.7136984293243
2021-07-05,95000.0,95000.0,91000.0,92700.0,2934200,VND,4000.0,2300.0,88714.28571428571,86507.14285714286,85176.19047619047,2829.2687933038364,3207.3204956629525
2021-07-06,92500.0,93000.0,87000.0,87000.0,2640500,VND,6000.0,5500.0,88971.42857142857,86785.71428571429,85380.95238095238,2521.71521370846,3178.4617423549157
2021-07-07,87000.0,91000.0,85000.0,90500.0,4910200,VND,6000.0,-3500.0,89657.14285714286,87350.0,85842.85714285714,2101.4734060158107,3184.2693712319697
2021-07-08,90400.0,90500.0,89000.0,89800.0,2375400,VND,1500.0,600.0,89828.57142857143,87778.57142857143,86228.57142857143,2049.1577828583313,3147.7202634823375
2021-07-09,89600.0,92000.0,88800.0,89700.0,2947000,VND,3200.0,-100.0,90071.42857142857,88071.42857142857,86600.0,1890.9559185014316,3070.6676798367985
2021-07-12,88800.0,89700.0,83600.0,86100.0,6764400,VND,6100.0,2700.0,89671.42857142857,88121.42857142857,86723.80952380953,2406.0439769565387,2990.803363964107
2021-07-13,86900.0,87300.0,85000.0,87000.0,2207400,VND,2300.0,-100.0,88971.42857142857,88271.42857142857,86876.19047619047,2362.0007660982415,2914.9450701340766
2021-07-14,87600.0,87600.0,84700.0,85200.0,2433500,VND,2900.0,2400.0,87900.0,88307.14285714286,86971.42857142857,2072.03603572287,2819.9544069252274
2021-07-15,84700.0,86600.0,84700.0,85400.0,2714600,VND,1900.0,-700.0,87671.42857142857,88321.42857142857,87080.95238095238,2266.946761405831,2704.370360659419
2021-07-16,85900.0,88000.0,85500.0,86800.0,2285700,VND,2500.0,-900.0,87142.85714285714,88400.0,87280.95238095238,1898.9972291162303,2504.3200769097143
2021-07-19,85200.0,86400.0,84500.0,84700.0,3288800,VND,1900.0,500.0,86414.28571428571,88121.42857142857,87323.80952380953,1674.7423398130165,2448.857848446654
2021-07-20,84800.0,86800.0,83900.0,86800.0,2553700,VND,2900.0,-2000.0,86000.0,88035.71428571429,87380.95238095238,911.043357914632,2420.458437489278
2021-07-21,86800.0,87900.0,86100.0,86600.0,3369200,VND,1800.0,200.0,86071.42857142857,87871.42857142857,87438.09523809524,939.3513466117662,2385.2622896591806
2021-07-22,86200.0,89600.0,86200.0,89400.0,4445600,VND,3400.0,-3200.0,86414.28571428571,87692.85714285714,87652.38095238095,1564.6390120713818,2347.6837622671687
2021-07-23,89400.0,92900.0,88700.0,90500.0,6755700,VND,4200.0,-1100.0,87171.42857142857,87535.71428571429,87928.57142857143,2077.4297306322896,2324.035898418229
2021-07-26,90300.0,93900.0,90200.0,93700.0,5773100,VND,3700.0,-3400.0,88357.14285714286,88014.28571428571,88333.33333333333,3042.3988029499737,2553.8859280177207
2021-07-27,94400.0,94900.0,92500.0,93200.0,5007000,VND,2400.0,1200.0,89271.42857142857,88207.14285714286,88690.47619047618,3433.032811628149,2688.104306365029
2021-07-28,92800.0,93700.0,91700.0,92000.0,3346700,VND,2000.0,800.0,90314.28571428571,88364.28571428571,88852.38095238095,2876.588588026336,2783.0952279094645
2021-07-29,92000.0,93900.0,91700.0,93400.0,3712900,VND,2200.0,-1400.0,91257.14285714286,88628.57142857143,89109.52380952382,2601.190203770602,2945.14936156013
2021-07-30,93500.0,94800.0,92800.0,94000.0,4525900,VND,2000.0,-500.0,92314.28571428571,89192.85714285714,89352.38095238095,1761.0873264635395,3131.3925093498306
2021-08-02,94000.0,96600.0,94000.0,95600.0,4275900,VND,2600.0,-1600.0,93200.0,89807.14285714286,89528.57142857143,1603.1219541888063,3376.4097584765927
2021-08-03,95800.0,96000.0,94700.0,95800.0,3607200,VND,1300.0,0.0,93957.14285714286,90564.28571428571,89676.19047619047,1346.423834778432,3583.4208184216664
2021-08-04,95900.0,96200.0,94900.0,95600.0,2818400,VND,1300.0,300.0,94228.57142857143,91292.85714285714,90085.71428571429,1471.6366011066264,3749.8380917419076
2021-08-05,95200.0,97000.0,94900.0,96600.0,2485600,VND,2100.0,-1400.0,94714.28571428571,91992.85714285714,90376.19047619047,1628.320782717909,4010.7237204646144
2021-08-06,96800.0,97200.0,95800.0,96600.0,3413900,VND,1400.0,200.0,95371.42857142857,92842.85714285714,90700.0,1229.7889869337787,4230.366414389258
2021-08-09,97000.0,97700.0,95900.0,97500.0,2934500,VND,1800.0,-500.0,95957.14285714286,93607.14285714286,91071.42857142857,1104.3205193813162,4473.605129773451
2021-08-10,98300.0,98400.0,97600.0,97800.0,2680700,VND,800.0,500.0,96500.0,94407.14285714286,91628.57142857143,896.2886439849008,4551.389112912135
2021-08-11,97700.0,97800.0,96100.0,96100.0,4883200,VND,1700.0,1600.0,96571.42857142857,94885.71428571429,92061.90476190476,830.0889223755476,4521.777989957961
2021-08-12,95800.0,96000.0,93400.0,93800.0,8399400,VND,2600.0,2000.0,96285.71428571429,95121.42857142857,92471.42857142857,1332.201900901214,4250.546183390408
2021-08-13,93100.0,95000.0,93000.0,95000.0,3618700,VND,2000.0,-1900.0,96200.0,95214.28571428571,92928.57142857143,1401.1899704666077,3958.1741822631525
2021-08-16,95000.0,95200.0,94400.0,94600.0,1906800,VND,800.0,400.0,95914.28571428571,95314.28571428571,93300.0,1506.0196672348072,3712.6809720189485
2021-08-17,94100.0,94600.0,93500.0,93800.0,2801700,VND,1100.0,300.0,95514.28571428571,95442.85714285714,93733.33333333333,1657.737988373894,3146.638417950929
2021-08-18,93800.0,94900.0,93800.0,94000.0,1951000,VND,1100.0,-200.0,95014.28571428571,95485.71428571429,94076.19047619047,1476.9660021243276,2716.2298801640504
2021-08-19,95000.0,95000.0,93800.0,94500.0,2721600,VND,1200.0,500.0,94542.85714285714,95521.42857142857,94452.38095238095,820.2786982846476,2107.9893376414743
2021-08-20,94500.0,94700.0,91100.0,92800.0,4349300,VND,3600.0,1700.0,94071.42857142857,95321.42857142857,94614.28571428571,718.1324987191142,1810.0513015593624
2021-08-23,92500.0,92500.0,91000.0,91000.0,3436600,VND,1500.0,1500.0,93671.42857142857,94978.57142857143,94638.09523809524,1374.4262872376162,1755.6982059759605
2021-08-24,91500.0,92000.0,89900.0,91900.0,3081500,VND,2100.0,-400.0,93228.57142857143,94714.28571428571,94552.38095238095,1374.4262872375693,1845.4319406605325
2021-08-25,92400.0,92400.0,91000.0,91900.0,1344000,VND,1400.0,500.0,92842.85714285714,94378.57142857143,94490.47619047618,1302.3787760065786,1913.6103997145917
2021-08-26,92000.0,92900.0,91200.0,91400.0,1758700,VND,1700.0,600.0,92500.0,94007.14285714286,94461.90476190476,1324.1349377367653,1956.6492251978325
2021-08-27,91000.0,92000.0,90600.0,92000.0,1896200,VND,1400.0,-1000.0,92214.28571428571,93614.28571428571,94395.23809523809,1150.983016713815,2017.5421161570102
2021-08-30,93000.0,93000.0,92100.0,92200.0,1494800,VND,900.0,800.0,91885.71428571429,93214.28571428571,94309.52380952382,572.7959829615395,2072.656450523317
2021-08-31,92300.0,93200.0,92000.0,92400.0,1952500,VND,1200.0,-100.0,91828.57142857143,92950.0,94157.14285714286,478.5891965446375,2090.5911672449593
2021-09-01,92100.0,93000.0,92100.0,92400.0,1353300,VND,900.0,-300.0,92028.57142857143,92850.0,93995.23809523809,349.829890636329,2088.6541576975997
2021-09-06,92400.0,94900.0,92300.0,94900.0,3124600,VND,2600.0,-2500.0,92457.14285714286,92842.85714285714,93961.90476190476,1131.1603818758852,2067.23878409522
2021-09-07,95300.0,95300.0,93500.0,93500.0,2290600,VND,1800.0,1800.0,92685.71428571429,92764.28571428571,93814.28571428571,1161.0750355154025,1978.202647424441
2021-09-08,93500.0,94200.0,92800.0,93100.0,1453800,VND,1400.0,400.0,92928.57142857143,92714.28571428571,93647.61904761905,1016.061490453643,1876.597731963478
2021-09-09,93100.0,93900.0,92800.0,93200.0,1393700,VND,1100.0,-100.0,93100.0,92657.14285714286,93442.85714285714,930.9493362523245,1656.9765926418318
2021-09-10,93400.0,94400.0,93400.0,93500.0,1440100,VND,1000.0,-100.0,93285.71428571429,92585.71428571429,93238.09523809524,847.4050024027887,1323.8112367206206
2021-09-13,93600.0,94000.0,92900.0,93000.0,1600000,VND,1100.0,600.0,93371.42857142857,92600.0,93090.47619047618,769.6628822952362,1150.1759699699912
2021-09-14,93300.0,94700.0,93000.0,93800.0,2523200,VND,1700.0,-500.0,93571.42857142857,92800.0,93090.47619047618,647.3388749717824,1150.1759699699912
2021-09-15,93800.0,94400.0,93300.0,94100.0,1690100,VND,1100.0,-300.0,93457.14285714286,92957.14285714286,93047.61904761905,395.2094080263735,1090.696588245656
2021-09-16,94400.0,95000.0,94200.0,94700.0,1924700,VND,800.0,-300.0,93628.57142857143,93157.14285714286,93052.38095238095,615.668432721501,1098.0068522603633
2021-09-17,95500.0,97000.0,95400.0,95700.0,3325700,VND,1600.0,-200.0,94000.0,93464.28571428571,93142.85714285714,941.6297927895552,1232.7089796716239
2021-09-20,96000.0,96200.0,94100.0,94400.0,2526100,VND,2100.0,1600.0,94171.42857142857,93635.71428571429,93161.90476190476,878.8520651299815,1249.5904090812357
2021-09-21,93400.0,94000.0,92500.0,93500.0,2697100,VND,1500.0,-100.0,94171.42857142857,93728.57142857143,93114.28571428571,878.8520651299815,1214.6134011599547
2021-09-22,93200.0,93400.0,92700.0,93200.0,2027200,VND,700.0,0.0,94200.0,93785.71428571429,93133.33333333333,836.6600265354441,1212.5730218526899
2021-09-23,93200.0,93800.0,93000.0,93100.0,1394200,VND,800.0,100.0,94100.0,93835.71428571429,93233.33333333333,929.1573243189744,1110.1051001256244
2021-09-24,93200.0,93200.0,92700.0,92700.0,1449000,VND,500.0,500.0,93900.0,93678.57142857143,93271.42857142857,1069.2676621573955,1075.2408368056113
2021-09-27,92900.0,93500.0,92100.0,92100.0,1546100,VND,1400.0,800.0,93528.57142857143,93578.57142857143,93280.95238095238,1189.8379241377331,1063.3057169086494
2021-09-28,91700.0,93000.0,91500.0,93000.0,1393500,VND,1500.0,-1300.0,93142.85714285714,93571.42857142857,93357.14285714286,709.1242083437406,975.48522723974
2021-09-29,93000.0,93400.0,92300.0,93200.0,1177400,VND,1100.0,-200.0,92971.42857142857,93571.42857142857,93414.28571428571,453.55736761322044,925.8972482285656
2021-09-30,93500.0,93900.0,93000.0,93000.0,996900,VND,900.0,500.0,92900.0,93535.71428571429,93452.38095238095,391.5780041514864,889.1676150257316
2021-10-01,92900.0,93100.0,92500.0,92900.0,1055400,VND,600.0,0.0,92857.14285714286,93528.57142857143,93476.19047619047,369.0399384787411,865.9704162939125
2021-10-04,93000.0,95200.0,92400.0,94600.0,2277800,VND,2800.0,-1600.0,93071.42857142857,93585.71428571429,93580.95238095238,760.9517849703731,862.3334897883155
2021-10-05,95000.0,96000.0,94400.0,94400.0,1392800,VND,1600.0,600.0,93314.28571428571,93607.14285714286,93557.14285714286,883.9844859671557,830.4043765316303
2021-10-06,94500.0,94700.0,93700.0,94400.0,1571300,VND,1000.0,100.0,93642.85714285714,93585.71428571429,93600.0,778.582350296109,850.2940667742189
2021-10-07,94900.0,95000.0,94100.0,94300.0,1497000,VND,900.0,600.0,93828.57142857143,93485.71428571429,93657.14285714286,754.3524501516545,855.3194891751534
2021-10-08,95000.0,99500.0,94400.0,98900.0,8305600,VND,5100.0,-3900.0,94642.85714285714,93807.14285714286,93928.57142857143,2004.0435315114491,1420.613549539129
2021-10-11,99000.0,99300.0,98300.0,99200.0,2295500,VND,1000.0,-200.0,95528.57142857143,94214.28571428571,94200.0,2472.322987067746,1822.3611058160775
2021-10-12,99200.0,99200.0,98500.0,99000.0,1125300,VND,700.0,200.0,96400.0,94628.57142857143,94485.71428571429,2466.441431158701,2077.326578628598
2021-10-13,99000.0,101500.0,98500.0,99400.0,3232500,VND,3000.0,-400.0,97085.71428571429,95078.57142857143,94752.38095238095,2548.4822747598055,2329.0811595154896
2021-10-14,99400.0,100000.0,98400.0,98800.0,1824200,VND,1600.0,600.0,97714.28571428571,95514.28571428571,94976.19047619047,2306.822180279988,2483.9292988923094
2021-10-15,99400.0,100100.0,98400.0,98900.0,1702500,VND,1700.0,500.0,98357.14285714286,96000.0,95176.19047619047,1800.7934759045604,2625.6246422319314
2021-10-18,99000.0,100000.0,98600.0,99000.0,2264100,VND,1400.0,0.0,99028.57142857143,96428.57142857143,95333.33333333333,205.8663459246791,2754.1483862210594
2021-10-19,99000.0,99500.0,98600.0,98600.0,1534300,VND,900.0,400.0,98985.71428571429,96814.28571428571,95533.33333333333,260.9506430316956,2834.3135559291923
2021-10-20,98700.0,99500.0,96600.0,97600.0,2248600,VND,2900.0,1100.0,98757.14285714286,97142.85714285714,95728.57142857143,565.2643713583695,2828.4523784453977
2021-10-21,98400.0,98500.0,96700.0,96700.0,2283600,VND,1800.0,1700.0,98428.57142857143,97414.28571428571,95895.23809523809,942.8932172048428,2774.6128000978247
2021-10-22,97000.0,97400.0,96100.0,96200.0,2023400,VND,1300.0,800.0,97971.42857142857,97528.57142857143,96042.85714285714,1147.0458952097122,2699.920633752383
2021-10-25,96200.0,96200.0,94900.0,94900.0,2938500,VND,1300.0,1300.0,97414.28571428571,97564.28571428571,96147.61904761905,1552.877513338254,2604.7301295161933
2021-10-26,95000.0,96900.0,94300.0,96900.0,1855700,VND,2600.0,-1900.0,97128.57142857143,97742.85714285714,96376.19047619047,1411.5172518902873,2436.986820213656
2021-10-27,96800.0,98200.0,96500.0,98200.0,2326700,VND,1700.0,-1400.0,97014.28571428571,98021.42857142857,96623.80952380953,1258.8732679522711,2338.9965288334574
2021-10-28,98200.0,98400.0,97200.0,98000.0,1644700,VND,1200.0,200.0,96928.57142857143,97957.14285714286,96852.38095238095,1148.4979839122584,2219.1482707582104
2021-10-29,98000.0,98000.0,96900.0,96900.0,2382700,VND,1100.0,1100.0,96828.57142857143,97792.85714285714,97038.09523809524,1110.1265479141705,2036.2898100384
2021-11-01,97400.0,97400.0,95600.0,95800.0,2855800,VND,1800.0,1600.0,96700.0,97564.28571428571,97176.19047619047,1177.56811551159,1829.4547717543444
2021-11-02,95500.0,97000.0,95500.0,96100.0,2109100,VND,1500.0,-600.0,96685.71428571429,97328.57142857143,97247.61904761905,1185.2265204444054,1751.461974354281
2021-11-03,96200.0,96700.0,95200.0,96100.0,2680100,VND,1500.0,100.0,96857.14285714286,97135.71428571429,97328.57142857143,946.6733735525485,1649.5886933210875
2021-11-04,96100.0,96800.0,95700.0,96000.0,1761300,VND,1100.0,100.0,96728.57142857143,96928.57142857143,97404.76190476191,999.5236960925341,1540.9335451167499
2021-11-05,96200.0,97800.0,96000.0,97600.0,2169900,VND,1800.0,-1400.0,96642.85714285714,96828.57142857143,97561.90476190476,869.592132090282,1366.9221596221237
2021-11-08,97600.0,98500.0,97300.0,97400.0,1687900,VND,1200.0,200.0,96557.14285714286,96742.85714285714,97490.47619047618,732.2502824808648,1332.2555167439207
2021-11-09,97500.0,97600.0,96000.0,96400.0,1845900,VND,1600.0,1100.0,96485.71428571429,96657.14285714286,97357.14285714286,717.469096731504,1292.118968424089
2021-11-10,96400.0,97000.0,95900.0,97000.0,1592400,VND,1100.0,-600.0,96657.14285714286,96678.57142857143,97261.90476190476,667.9749068590273,1237.5282584515521
2021-11-11,97000.0,98000.0,95800.0,96000.0,2122200,VND,2200.0,1000.0,96642.85714285714,96664.28571428571,97100.0,682.7814263681488,1164.044672677989
2021-11-12,96200.0,98200.0,95900.0,98000.0,2240300,VND,2300.0,-1800.0,96914.28571428571,96885.71428571429,97061.90476190476,798.8086367197985,1117.7997094588154
2021-11-15,98500.0,98500.0,97300.0,97300.0,1908900,VND,1200.0,1200.0,97100.0,96914.28571428571,96985.71428571429,695.2217871559255,1037.92375166761
2021-11-16,97300.0,99500.0,96800.0,98300.0,3506200,VND,2700.0,-1000.0,97200.0,96921.42857142857,96952.38095238095,818.5352771890595,979.6014738704272
2021-11-17,98300.0,98400.0,98000.0,98300.0,1186200,VND,400.0,0.0,97328.57142857143,96942.85714285714,96938.09523809524,919.627253683409,956.2824846593514
2021-11-18,98300.0,98700.0,96500.0,96500.0,2005000,VND,2200.0,1800.0,97342.85714285714,96914.28571428571,96885.71428571429,903.4326074442313,948.3067616946573
2021-11-19,97500.0,97800.0,95100.0,95300.0,2481300,VND,2700.0,2200.0,97100.0,96878.57142857143,96819.04761904762,1193.035344546118,1009.2665889690234
2021-11-22,95500.0,96000.0,95000.0,95000.0,1670100,VND,1000.0,500.0,96957.14285714286,96800.0,96761.90476190476,1390.2723268698276,1077.7180477594006
2021-11-23,95000.0,96600.0,94900.0,96600.0,1150800,VND,1700.0,-1600.0,96757.14285714286,96835.71428571429,96842.85714285714,1313.8456820316926,991.2474103681376
2021-11-24,96700.0,98400.0,96400.0,97900.0,2445600,VND,2000.0,-1200.0,96842.85714285714,96971.42857142857,96890.47619047618,1373.3864992031,1017.7940665453168
2021-11-25,98500.0,101800.0,98300.0,100000.0,5487400,VND,3500.0,-1500.0,97085.71428571429,97142.85714285714,96976.19047619047,1767.6996081814461,1194.1125415532729
2021-11-26,100100.0,100800.0,98800.0,98900.0,1996200,VND,2000.0,1200.0,97171.42857142857,97250.0,97019.04761904762,1849.066688643376,1247.6454013897883
2021-11-29,97500.0,98900.0,97500.0,98100.0,1993000,VND,1400.0,-600.0,97400.0,97371.42857142857,97076.19047619047,1851.1257835894596,1269.2142301025374
2021-11-30,98100.0,98500.0,97000.0,97100.0,2563100,VND,1500.0,1000.0,97657.14285714286,97378.57142857143,97138.09523809524,1621.5806515640538,1235.1016923582363
2021-12-01,97500.0,98600.0,96700.0,98200.0,1254900,VND,1900.0,-700.0,98114.28571428571,97535.71428571429,97238.09523809524,1121.64844675079,1231.858835445904
2021-12-02,97600.0,98300.0,97200.0,97200.0,952900,VND,1100.0,400.0,98200.0,97478.57142857143,97290.47619047618,1003.3277962211122,1204.119911759078
2021-12-03,97800.0,97800.0,95500.0,95500.0,2009700,VND,2300.0,2300.0,97857.14285714286,97350.0,97266.66666666667,1438.5839598462662,1235.4486364569232
2021-12-06,95500.0,96500.0,94200.0,94500.0,2393800,VND,2300.0,1000.0,97071.42857142857,97078.57142857143,97119.04761904762,1569.1975504645302,1371.3566449356072
2021-12-07,95000.0,96000.0,94500.0,96000.0,1451000,VND,1500.0,-1000.0,96657.14285714286,96914.28571428571,97052.38095238095,1377.0223223293397,1390.9058370749158
2021-12-08,96500.0,96500.0,95000.0,95600.0,1064800,VND,1500.0,900.0,96300.0,96850.0,97014.28571428571,1259.629575180489,1420.3118369836093
2021-12-09,95100.0,97000.0,95100.0,97000.0,993100,VND,1900.0,-1900.0,96285.71428571429,96971.42857142857,97014.28571428571,1249.5713550779249,1420.3118369836093
2021-12-10,96400.0,97000.0,95400.0,95800.0,1160000,VND,1600.0,600.0,95942.85714285714,97028.57142857143,97004.76190476191,923.5026490810673,1428.1023039216182
2021-12-13,96500.0,96500.0,95600.0,96000.0,900200,VND,900.0,500.0,95771.42857142857,96985.71428571429,96909.52380952382,745.462464324556,1425.0981586876198
2021-12-14,96000.0,96400.0,95400.0,95700.0,1144500,VND,1000.0,300.0,95800.0,96828.57142857143,96833.33333333333,737.1114795849376,1445.7985106243011
2021-12-15,95700.0,96300.0,95600.0,95900.0,808400,VND,700.0,-200.0,96000.0,96535.71428571429,96719.04761904762,465.4746681284433,1418.6680540595846
2021-12-16,97500.0,97500.0,95500.0,95500.0,1245000,VND,2000.0,2000.0,95928.57142857143,96292.85714285714,96585.71428571429,502.3753102846035,1394.0178314052978
2021-12-17,95600.0,97000.0,95500.0,96400.0,1152100,VND,1500.0,-800.0,96042.85714285714,96171.42857142857,96580.95238095238,506.1526214424913,1394.4959833607497
2021-12-20,96500.0,96500.0,95500.0,95800.0,1019800,VND,1000.0,700.0,95871.42857142857,96078.57142857143,96604.76190476191,281.15408417841365,1375.6729954703617
2021-12-21,95700.0,95900.0,95100.0,95200.0,1112300,VND,800.0,500.0,95785.71428571429,95864.28571428571,96614.28571428571,380.4758924879019,1364.6558959224549
2021-12-22,95000.0,95400.0,94600.0,95000.0,1670500,VND,800.0,0.0,95642.85714285714,95707.14285714286,96538.09523809524,464.9628761449663,1409.4240633912934
2021-12-23,95000.0,95000.0,93000.0,93200.0,1930300,VND,2000.0,1800.0,95285.71428571429,95542.85714285714,96314.28571428571,1030.2565561213378,1548.6399563087737
2021-12-24,93500.0,94500.0,92800.0,93800.0,1186700,VND,1700.0,-300.0,94985.71428571429,95492.85714285714,96019.04761904762,1123.1333720582427,1394.1373847686225
2021-12-27,94200.0,95000.0,93300.0,94500.0,793700,VND,1700.0,-300.0,94842.85714285714,95385.71428571429,95809.52380952382,1110.3410029623572,1264.0825771662599
2021-12-28,94500.0,94900.0,94100.0,94500.0,567300,VND,800.0,0.0,94571.42857142857,95307.14285714286,95638.09523809524,873.1442907006776,1179.184544703157
2021-12-29,94800.0,94800.0,93600.0,93600.0,912200,VND,1200.0,1200.0,94257.14285714286,95064.28571428571,95471.42857142857,743.5436388399078,1209.1909928268262
2021-12-30,93700.0,94300.0,93500.0,93600.0,810800,VND,800.0,100.0,94028.57142857143,94907.14285714286,95252.38095238095,644.7590912242872,1102.097567191674
2021-12-31,93800.0,94400.0,93000.0,93000.0,1607400,VND,1400.0,800.0,93742.85714285714,94692.85714285714,95052.38095238095,582.6867164487381,1112.0337439169232
2022-01-04,93400.0,94200.0,93300.0,93500.0,1935000,VND,900.0,-100.0,93785.71428571429,94535.71428571429,94957.14285714286,545.9809869375053,1156.534231470175
2022-01-05,93700.0,94200.0,93500.0,93600.0,1193800,VND,700.0,100.0,93757.14285714286,94371.42857142857,94914.28571428571,550.3245795520579,1190.4980950327522
2022-01-06,93600.0,94000.0,93500.0,93500.0,1192400,VND,500.0,100.0,93614.28571428571,94228.57142857143,94795.23809523809,445.07891221355953,1201.4475396234068
2022-01-07,93100.0,93700.0,93100.0,93400.0,1016800,VND,600.0,-300.0,93457.14285714286,94014.28571428571,94690.47619047618,214.91969707869805,1223.4805931831334
2022-01-10,93200.0,93500.0,91900.0,92000.0,1882400,VND,1600.0,1200.0,93228.57142857143,93742.85714285714,94452.38095238095,579.4085654494143,1237.989922257098
2022-01-11,92000.0,92200.0,89100.0,89500.0,2509300,VND,3100.0,2500.0,92642.85714285714,93335.71428571429,94152.38095238095,1493.1590034304854,1604.2503070313744
2022-01-12,89100.0,90600.0,88500.0,89600.0,1740700,VND,2100.0,-500.0,92157.14285714286,92950.0,93847.61904761905,1864.4544714720319,1828.0095863015554
2022-01-13,90900.0,92700.0,89800.0,92100.0,1811800,VND,2900.0,-1200.0,91957.14285714286,92871.42857142857,93676.19047619047,1769.0460167913475,1814.3607033597725
2022-01-14,91700.0,92100.0,90900.0,91300.0,686700,VND,1200.0,400.0,91628.57142857143,92692.85714285714,93457.14285714286,1620.4055929660697,1810.1302242001607
2022-01-17,90500.0,91300.0,89000.0,89000.0,1568400,VND,2300.0,1500.0,90985.71428571429,92300.0,93147.61904761905,1646.6416038196778,1990.1304096994922
2022-01-18,88300.0,89600.0,88000.0,88100.0,1209900,VND,1600.0,200.0,90228.57142857143,91842.85714285714,92752.38095238095,1568.1350767866545,2131.1074697468525
2022-01-19,88100.0,89200.0,88000.0,88300.0,744900,VND,1200.0,-200.0,89700.0,91464.28571428571,92395.23809523809,1493.3184523071182,2221.368089819452
2022-01-20,88400.0,91000.0,88300.0,88800.0,1334600,VND,2700.0,-400.0,89600.0,91121.42857142857,92090.47619047618,1531.8833724104345,2256.0817276634325
2022-01-21,89000.0,89800.0,88200.0,88200.0,841200,VND,1600.0,800.0,89400.0,90778.57142857143,91766.66666666667,1620.6994374860235,2305.0668826143683
2022-01-24,88200.0,88500.0,85000.0,85300.0,2024200,VND,3500.0,2900.0,88428.57142857143,90192.85714285714,91390.47619047618,1764.1941368175849,2674.4914959478006
2022-01-25,85200.0,87500.0,84000.0,86500.0,1192600,VND,3500.0,-1300.0,87742.85714285714,89685.71428571429,91042.85714285714,1345.1854182692516,2816.3045695669907
2022-01-26,87000.0,87000.0,85500.0,86000.0,913600,VND,1500.0,1000.0,87314.28571428571,89150.0,90638.09523809524,1355.7637102738563,2904.0447982889036
2022-01-27,86000.0,86700.0,85400.0,85900.0,719600,VND,1300.0,100.0,87000.0,88614.28571428571,90228.57142857143,1397.6170195491834,2938.391202194778
2022-01-28,86000.0,89500.0,85900.0,89500.0,1552300,VND,3600.0,-3500.0,87171.42857142857,88435.71428571429,90033.33333333333,1636.7796488983718,2837.663357998307
2022-02-07,90000.0,90100.0,89000.0,89500.0,518400,VND,1100.0,500.0,87271.42857142857,88435.71428571429,89838.09523809524,1768.9114220468775,2718.5430271506034
2022-02-08,89500.0,91800.0,89500.0,90600.0,845100,VND,2300.0,-1100.0,87614.28571428571,88507.14285714286,89723.80952380953,2166.73992550151,2627.9088191750075
2022-02-09,91700.0,91700.0,90600.0,90700.0,1142700,VND,1100.0,1000.0,88385.71428571429,88407.14285714286,89590.47619047618,2166.739925501561,2494.374623407205
2022-02-10,91400.0,92000.0,90200.0,92000.0,974900,VND,1800.0,-600.0,89171.42857142857,88457.14285714286,89514.28571428571,2357.763266116523,2387.9459194627543
2022-02-11,91800.0,92400.0,91400.0,91600.0,641600,VND,1000.0,200.0,89971.42857142857,88642.85714285714,89423.80952380953,2029.543697250366,2262.057638942453
2022-02-14,91000.0,91600.0,90400.0,91000.0,774100,VND,1200.0,0.0,90700.0,88850.0,89309.52380952382,955.6847457894313,2106.3961550235394
2022-02-15,91000.0,91700.0,90500.0,91100.0,655400,VND,1200.0,-100.0,90928.57142857143,89050.0,89266.66666666667,799.4045402979417,2057.5065815998114
2022-02-16,91700.0,92500.0,91300.0,91300.0,614200,VND,1200.0,400.0,91185.71428571429,89228.57142857143,89352.38095238095,494.7341758594436,2104.666018068477
2022-02-17,91900.0,92800.0,91000.0,92800.0,853700,VND,1800.0,-900.0,91500.0,89557.14285714286,89504.76190476191,711.8052168031502,2235.279890856915
2022-02-18,92300.0,92500.0,91700.0,92200.0,618800,VND,800.0,100.0,91714.28571428571,90050.0,89509.52380952382,654.2898731424906,2241.183785836822
2022-02-21,92200.0,94000.0,92000.0,93500.0,1386000,VND,2000.0,-1300.0,91928.57142857143,90550.0,89614.28571428571,944.6591726027959,2376.4018419195813
2022-02-22,93000.0,93300.0,92000.0,92900.0,1158200,VND,1300.0,100.0,92114.28571428571,91042.85714285714,89800.0,995.7050624709499,2476.287543883583
2022-02-23,92600.0,93900.0,92600.0,93000.0,973800,VND,1300.0,-400.0,92400.0,91550.0,90033.33333333333,905.538513814734,2538.1751975240454
2022-02-24,93000.0,93500.0,90000.0,92000.0,1349600,VND,3500.0,1000.0,92528.57142857143,91728.57142857143,90209.52380952382,738.7247699354081,2540.2568299086574
2022-02-25,92400.0,93400.0,92100.0,92300.0,1059900,VND,1300.0,100.0,92671.42857142857,91928.57142857143,90376.19047619047,528.2495802643876,2557.910233354078
2022-02-28,92300.0,93500.0,92300.0,93300.0,1504600,VND,1200.0,-1000.0,92742.85714285714,92121.42857142857,90619.04761904762,579.8193478941372,2582.9477438794033
2022-03-01,94000.0,94000.0,92500.0,93400.0,1101900,VND,1500.0,600.0,92914.28571428571,92314.28571428571,91004.76190476191,569.878850953312,2342.5362730315805
2022-03-02,93000.0,93400.0,92700.0,93100.0,1088900,VND,700.0,-100.0,92857.14285714286,92392.85714285714,91319.04761904762,519.1568255602097,2142.10621763054
2022-03-03,93200.0,94000.0,93200.0,93400.0,957600,VND,800.0,-200.0,92928.57142857143,92521.42857142857,91671.42857142857,558.9105048063777,1805.5865687180676
2022-03-04,93300.0,93800.0,93000.0,93500.0,1343800,VND,800.0,-200.0,93000.0,92700.0,92033.33333333333,600.0000000016579,1274.493363390101
2022-03-07,93100.0,93900.0,92200.0,93800.0,1698000,VND,1700.0,-700.0,93257.14285714286,92892.85714285714,92238.09523809524,472.07747548385714,1189.7378662832355
2022-03-08,93800.0,95400.0,92600.0,94800.0,2227500,VND,2800.0,-1000.0,93614.28571428571,93142.85714285714,92490.47619047618,563.9993245540444,1141.0104127029933
2022-03-09,94600.0,96500.0,94600.0,95500.0,2204000,VND,1900.0,-900.0,93928.57142857143,93335.71428571429,92723.80952380953,882.6367424087323,1232.4385428476992
2022-03-10,96300.0,96300.0,94600.0,94600.0,778700,VND,1700.0,1700.0,94100.0,93507.14285714286,92909.52380952382,879.3937305528548,1205.7797319147824
2022-03-11,94500.0,94600.0,92700.0,93200.0,1139000,VND,1900.0,1300.0,94114.28571428571,93485.71428571429,92966.66666666667,861.0624666253365,1188.8369666716426
2022-03-14,93000.0,93000.0,90500.0,91800.0,1943000,VND,2500.0,1200.0,93885.71428571429,93407.14285714286,92976.19047619047,1219.8750911865932,1178.093698267017
2022-03-15,91800.0,91800.0,89800.0,91000.0,1872000,VND,2000.0,800.0,93528.57142857143,93264.28571428571,92976.19047619047,1643.8920136015925,1178.093698267017
2022-03-16,91100.0,92300.0,90500.0,91600.0,1139600,VND,1800.0,-500.0,93214.28571428571,93235.71428571429,93000.0,1787.3896902365607,1142.803570169294
2022-03-17,91800.0,92700.0,91500.0,92000.0,1180600,VND,1200.0,-200.0,92814.28571428571,93214.28571428571,93033.33333333333,1683.675118532023,1100.1515047142393
2022-03-18,93000.0,96600.0,93000.0,95100.0,2815100,VND,3600.0,-2100.0,92757.14285714286,93342.85714285714,93142.85714285714,1580.988238262925,1186.8325191715367
2022-03-21,95200.0,96000.0,95000.0,95300.0,1560700,VND,1000.0,-100.0,92857.14285714286,93478.57142857143,93290.47619047618,1731.91333776426,1254.553610610694
2022-03-22,96000.0,97000.0,95400.0,96400.0,2079200,VND,1600.0,-400.0,93314.28571428571,93714.28571428571,93428.57142857143,2197.292706513475,1426.5843322896715
2022-03-23,96500.0,97500.0,96000.0,96500.0,1975800,VND,1500.0,0.0,93985.71428571429,93935.71428571429,93600.0,2368.845408934668,1569.0761613100372
2022-03-24,96000.0,97200.0,95300.0,96000.0,1823700,VND,1900.0,0.0,94700.0,94114.28571428571,93742.85714285714,2051.0160083892965,1646.3813132329985
2022-03-25,96100.0,96500.0,95600.0,95700.0,1228100,VND,900.0,400.0,95285.71428571429,94250.0,93919.04761904762,1539.944340367939,1648.5202599939016
2022-03-28,95500.0,98700.0,95200.0,98100.0,3501600,VND,3500.0,-2600.0,96157.14285714286,94485.71428571429,94195.23809523809,1003.0904626171132,1838.6071332580514
2022-03-29,98600.0,104900.0,98600.0,104900.0,8224300,VND,6300.0,-6300.0,97557.14285714286,95157.14285714286,94747.61904761905,3357.5075789729062,2957.975498142272
2022-03-30,105800.0,107300.0,104500.0,106000.0,2830700,VND,2800.0,-200.0,99085.71428571429,95971.42857142857,95347.61904761905,4424.714141964321,3822.514754400534
2022-03-31,105500.0,110600.0,104600.0,107000.0,3472300,VND,6000.0,-1500.0,100600.0,96957.14285714286,96009.52380952382,5112.729212466105,4548.395844899081
2022-04-01,106900.0,111000.0,106100.0,111000.0,4317300,VND,4900.0,-4100.0,102671.42857142857,98328.57142857143,96847.61904761905,6029.846400950236,5553.883240365174
2022-04-04,113500.0,113500.0,109300.0,109300.0,2687800,VND,4200.0,4200.0,104571.42857142857,99635.71428571429,97600.0,5661.482222208808,6119.150267805964
2022-04-05,109100.0,111600.0,109000.0,109000.0,1863900,VND,2600.0,100.0,106471.42857142857,100878.57142857143,98323.80952380953,4241.742678709651,6532.220507751883
2022-04-06,108400.0,114000.0,108400.0,113000.0,4179000,VND,5600.0,-4600.0,108600.0,102378.57142857143,99190.47619047618,2851.3154858778034,7213.175775058717
2022-04-07,113700.0,116900.0,112100.0,113300.0,3915200,VND,4800.0,400.0,109800.0,103678.57142857143,100038.09523809524,2801.7851452256123,7781.290136633193
2022-04-08,113300.0,113900.0,108500.0,108500.0,4069700,VND,5400.0,4800.0,110157.14285714286,104621.42857142857,100700.0,2361.39587451945,7886.063656856224
2022-04-12,109000.0,111500.0,106600.0,109800.0,3162100,VND,4900.0,-800.0,110557.14285714286,105578.57142857143,101490.47619047618,1936.3687173498029,7928.549978520221
2022-04-13,110000.0,115100.0,109800.0,115100.0,3322800,VND,5300.0,-5100.0,111142.85714285714,106907.14285714286,102600.0,2599.2672960274294,8132.342835861495
2022-04-14,115200.0,118900.0,115200.0,116600.0,3529400,VND,3700.0,-1400.0,112185.71428571429,108378.57142857143,103819.04761904762,3144.0041197125433,8224.756473452957
2022-04-15,115100.0,117900.0,114000.0,115000.0,3121400,VND,3900.0,100.0,113042.85714285714,109757.14285714286,104933.33333333333,2942.140458271535,8070.212719211319
2022-04-18,115000.0,118600.0,114000.0,115500.0,3356100,VND,4600.0,-500.0,113400.0,111000.0,106052.38095238095,3084.3691953689963,7812.337617359187
2022-04-19,116500.0,117000.0,112000.0,112000.0,4731000,VND,5000.0,4500.0,113214.28571428571,111507.14285714286,106857.14285714286,3130.190926781151,7491.566687186164
2022-04-20,112000.0,113000.0,109600.0,112000.0,3295000,VND,3400.0,0.0,113714.28571428571,111935.71428571429,107652.38095238095,2459.2875468523775,7078.390992846099
2022-04-21,111200.0,115900.0,111200.0,112000.0,4068500,VND,4700.0,-800.0,114028.57142857143,112292.85714285714,108395.23809523809,1966.9894811756499,6643.679416593008
2022-04-22,112500.0,113900.0,106000.0,111100.0,5708900,VND,7900.0,1400.0,113457.14285714286,112300.0,109090.47619047618,2173.9803302234236,6076.339750366984
2022-04-25,110100.0,110900.0,103400.0,103400.0,4605900,VND,7500.0,6700.0,111571.42857142857,111878.57142857143,109442.85714285714,3973.5434588104063,5462.835475149917
2022-04-26,100200.0,105000.0,97000.0,104300.0,5431400,VND,8000.0,-4100.0,110042.85714285714,111542.85714285714,109852.38095238095,4462.755928369529,4641.7258695019755
2022-04-27,102500.0,104000.0,100500.0,103000.0,2529700,VND,3500.0,-500.0,108257.14285714286,110828.57142857143,110085.71428571429,4415.8265148814635,4114.642841641355
2022-04-28,102900.0,106800.0,102500.0,105500.0,2530400,VND,4300.0,-2600.0,107328.57142857143,110271.42857142857,110114.28571428571,4174.411849077707,4078.760315864421
2022-04-29,105000.0,107100.0,104200.0,105000.0,3991500,VND,2900.0,0.0,106328.57142857143,110021.42857142857,110066.66666666667,3677.732220502204,4134.650327817101
2022-05-04,104900.0,105900.0,104100.0,104500.0,1598400,VND,1800.0,400.0,105257.14285714286,109642.85714285714,109947.61904761905,2717.14135496529,4261.410452843498
2022-05-05,104600.0,105500.0,101900.0,104700.0,2194900,VND,3600.0,-100.0,104342.85714285714,108900.0,109647.61904761905,877.2250620730114,4403.023852718033
2022-05-06,102300.0,104000.0,100200.0,100200.0,2430900,VND,3800.0,2100.0,103885.71428571429,107728.57142857143,109214.28571428571,1799.4708216862794,4862.744668833723
2022-05-09,98300.0,99000.0,94000.0,94000.0,4499100,VND,5000.0,4300.0,102414.28571428571,106228.57142857143,108500.0,4119.639373954129,5889.142552187489
2022-05-10,94000.0,98800.0,92000.0,98400.0,2816700,VND,6800.0,-4400.0,101757.14285714286,105007.14285714286,107804.76190476191,4369.918818032535,6185.666996408863
2022-05-11,98000.0,101900.0,96800.0,101900.0,1667700,VND,5100.0,-3900.0,101242.85714285714,104285.71428571429,107261.90476190476,4056.62303846373,6179.520708797897
2022-05-12,99300.0,101900.0,95000.0,95600.0,2591500,VND,6900.0,3700.0,99900.0,103114.28571428571,106647.61904761905,4160.128203153177,6671.852744748281
2022-05-13,96100.0,99000.0,93100.0,93600.0,4103700,VND,5900.0,2500.0,98342.85714285714,101800.0,105876.19047619047,4191.2039411359865,7204.436463866637
2022-05-16,97500.0,97500.0,93200.0,93200.0,1740900,VND,4300.0,4300.0,96700.0,100521.42857142857,104833.33333333333,3477.0677301431524,7385.278148676609
2022-05-17,93000.0,99700.0,92500.0,99700.0,2045800,VND,7200.0,-6700.0,96628.57142857143,100257.14285714286,104028.57142857143,3397.407975557806,6946.736129804418
